objectid,uuid,iiifthumburl,iiifurl,title,attribution,attributioninverted,displaydate,beginyear,endyear,visualbrowsertimespan,medium,classification,subclassification,visualbrowserclassification,accessionnum,width,height,maxpixels,artist_name,nationality,vis_nationality,artist_born,artist_died,art_style,art_theme,local_path
59,2b2c95ba-68bc-4a33-a23e-878bc480e874,"https://api.nga.gov/iiif/2b2c95ba-68bc-4a33-a23e-878bc480e874/full/!200,200/0/default.jpg",https://api.nga.gov/iiif/2b2c95ba-68bc-4a33-a23e-878bc480e874,Portrait of a Gentleman,Antonis Mor,"Mor, Antonis",1569,1569.0,1569.0,1551 to 1600,oil on canvas,Painting,,painting,1937.1.52,12019,16405,,"Mor, Antonis",Netherlandish,Netherlandish,1519.0,1576.0,Renaissance,portrait,/kaggle/working/nga_images/59.jpg
1177,7681ffe3-535b-4e75-9d28-a288d7ce0cf5,"https://api.nga.gov/iiif/7681ffe3-535b-4e75-9d28-a288d7ce0cf5/full/!200,200/0/default.jpg",https://api.nga.gov/iiif/7681ffe3-535b-4e75-9d28-a288d7ce0cf5,Portrait of Lorenzo di Credi,Pietro Perugino,"Perugino, Pietro",1488,1488.0,1488.0,1401 to 1500,oil on panel transferred to canvas,Painting,,painting,1942.9.38,19300,27553,,"Perugino, Pietro",Italian,Italian,1450.0,1523.0,Renaissance,portrait,/kaggle/working/nga_images/1177.jpg
1214,6357c7b8-918f-4066-97b5-e699198b504e,"https://api.nga.gov/iiif/6357c7b8-918f-4066-97b5-e699198b504e/full/!200,200/0/default.jpg",https://api.nga.gov/iiif/6357c7b8-918f-4066-97b5-e699198b504e,Lady Elizabeth Hamilton,Sir Joshua Reynolds,"Reynolds, Joshua, Sir",1758,1758.0,1758.0,1751 to 1775,oil on canvas,Painting,,painting,1942.9.75,2215,3156,,"Reynolds, Joshua, Sir",British,British,1723.0,1792.0,,portrait,/kaggle/working/nga_images/1214.jpg
46037,aa4d19fa-6a66-457d-8b85-6cc6c2484cd5,"https://api.nga.gov/iiif/aa4d19fa-6a66-457d-8b85-6cc6c2484cd5/full/!200,200/0/default.jpg",https://api.nga.gov/iiif/aa4d19fa-6a66-457d-8b85-6cc6c2484cd5,Young Woman and Man,French 18th Century,French 18th Century,18th century,1700.0,1799.0,1651 to 1700,oil on wood,Painting,,painting,1960.6.13,1521,1842,,French 18th Century,French,French,1700.0,1799.0,Rococo,figure,/kaggle/working/nga_images/46037.jpg
46631,40d7c2c9-36f2-47d8-be55-889dc6f4e53c,"https://api.nga.gov/iiif/40d7c2c9-36f2-47d8-be55-889dc6f4e53c/full/!200,200/0/default.jpg",https://api.nga.gov/iiif/40d7c2c9-36f2-47d8-be55-889dc6f4e53c,Nude Seated,Childe Hassam,"Hassam, Childe",1912,1912.0,1912.0,1901 to 1925,oil on canvas,Painting,,painting,1963.10.156,6940,7625,,"Hassam, Childe",American,American,1859.0,1935.0,Impressionist,figure,/kaggle/working/nga_images/46631.jpg
73834,f503b66e-4fa5-4521-bb44-bb8f8cf36185,"https://api.nga.gov/iiif/f503b66e-4fa5-4521-bb44-bb8f8cf36185/full/!200,200/0/default.jpg",https://api.nga.gov/iiif/f503b66e-4fa5-4521-bb44-bb8f8cf36185,Seated Figure with Hat,Richard Diebenkorn,"Diebenkorn, Richard",1967,1967.0,1967.0,1951 to 1975,oil on canvas,Painting,,painting,1991.176.1,4078,3809,,"Diebenkorn, Richard",American,American,1922.0,1993.0,Abstract Expressionist,figure,/kaggle/working/nga_images/73834.jpg
97063,2e694859-eac1-4662-b1dd-ac0d10273655,"https://api.nga.gov/iiif/2e694859-eac1-4662-b1dd-ac0d10273655/full/!200,200/0/default.jpg",https://api.nga.gov/iiif/2e694859-eac1-4662-b1dd-ac0d10273655,Marie Buloz Pailleron (Madame Édouard Pailleron),John Singer Sargent,"Sargent, John Singer",1879,1879.0,1879.0,1876 to 1900,oil on canvas,Painting,,painting,2014.79.53,13386,27691,,"Sargent, John Singer",American,American,1856.0,1925.0,Impressionist,portrait,/kaggle/working/nga_images/97063.jpg
1213,ee937274-0923-45dc-b493-7e4cbd4efea3,"https://api.nga.gov/iiif/ee937274-0923-45dc-b493-7e4cbd4efea3/full/!200,200/0/default.jpg",https://api.nga.gov/iiif/ee937274-0923-45dc-b493-7e4cbd4efea3,Lady Cornewall,Sir Joshua Reynolds,"Reynolds, Joshua, Sir",c. 1785-1786,1785.0,1786.0,1776 to 1800,oil on canvas,Painting,,painting,1942.9.74,2357,2966,,"Reynolds, Joshua, Sir",British,British,1723.0,1792.0,,portrait,/kaggle/working/nga_images/1213.jpg
34096,5704b1ee-30e7-4efb-831b-5a8f3e5e1fbd,"https://api.nga.gov/iiif/5704b1ee-30e7-4efb-831b-5a8f3e5e1fbd/full/!200,200/0/default.jpg",https://api.nga.gov/iiif/5704b1ee-30e7-4efb-831b-5a8f3e5e1fbd,Portrait of a Lady,British 18th Century,British 18th Century,c. 1770/1775,1770.0,1775.0,1751 to 1775,oil on canvas,Painting,,painting,1947.17.48,5160,6749,,British 18th Century,British,British,1700.0,1799.0,,portrait,/kaggle/working/nga_images/34096.jpg
34117,2bae6118-a629-4dd7-97ce-fc427ba3fe49,"https://api.nga.gov/iiif/2bae6118-a629-4dd7-97ce-fc427ba3fe49/full/!200,200/0/default.jpg",https://api.nga.gov/iiif/2bae6118-a629-4dd7-97ce-fc427ba3fe49,Portrait of a Lady,French 19th Century,French 19th Century,c. 1810,1810.0,1810.0,1801 to 1825,oil on canvas,Painting,,painting,1947.17.69,4836,6526,,French 19th Century,French,French,1800.0,1899.0,Neoclassic,portrait,/kaggle/working/nga_images/34117.jpg
41726,144aadd7-af1c-4d1b-9427-a53b704718a7,"https://api.nga.gov/iiif/144aadd7-af1c-4d1b-9427-a53b704718a7/full/!200,200/0/default.jpg",https://api.nga.gov/iiif/144aadd7-af1c-4d1b-9427-a53b704718a7,Portrait of a Lady,Francesco Salviati,"Salviati, Francesco",c. 1555,1555.0,1555.0,1551 to 1600,oil on panel,Painting,,painting,1952.6.1,4588,5884,,"Salviati, Francesco",Italian,Italian,1510.0,1563.0,Renaissance,portrait,
43599,506af2ff-29c4-43b3-99cf-676453ac0761,"https://api.nga.gov/iiif/506af2ff-29c4-43b3-99cf-676453ac0761/full/!200,200/0/default.jpg",https://api.nga.gov/iiif/506af2ff-29c4-43b3-99cf-676453ac0761,Lady Algernon Percy,James Millar,"Millar, James",c. 1777/1780,1777.0,1780.0,1776 to 1800,oil on canvas,Painting,,painting,1956.9.5,5473,7117,,"Millar, James",British,British,1740.0,1805.0,,portrait,/kaggle/working/nga_images/43599.jpg
46564,26381349-4c6a-4fa3-9cda-3d112c2f9433,"https://api.nga.gov/iiif/26381349-4c6a-4fa3-9cda-3d112c2f9433/full/!200,200/0/default.jpg",https://api.nga.gov/iiif/26381349-4c6a-4fa3-9cda-3d112c2f9433,Nude Woman with Fruit,Georges Braque,"Braque, Georges",1925,1925.0,1925.0,1901 to 1925,oil on canvas,Painting,,painting,1963.10.89,5801,7220,640.0,"Braque, Georges",French,French,1882.0,1963.0,,figure,/kaggle/working/nga_images/46564.jpg
46563,932b8b31-1e07-41a0-87cd-7f943a69c608,"https://api.nga.gov/iiif/932b8b31-1e07-41a0-87cd-7f943a69c608/full/!200,200/0/default.jpg",https://api.nga.gov/iiif/932b8b31-1e07-41a0-87cd-7f943a69c608,Nude Woman with Basket of Fruit,Georges Braque,"Braque, Georges",1926,1926.0,1926.0,1926 to 1950,oil on canvas,Painting,,painting,1963.10.88,9409,20557,640.0,"Braque, Georges",French,French,1882.0,1963.0,,figure,/kaggle/working/nga_images/46563.jpg
46634,e953a62f-2c34-465d-be88-cc25268b4e1f,"https://api.nga.gov/iiif/e953a62f-2c34-465d-be88-cc25268b4e1f/full/!200,200/0/default.jpg",https://api.nga.gov/iiif/e953a62f-2c34-465d-be88-cc25268b4e1f,Woman with a Mirror,Fernand Léger,"Léger, Fernand",1929,1929.0,1929.0,1926 to 1950,oil on canvas,Painting,,painting,1963.10.159,6136,9428,640.0,"Léger, Fernand",French,French,1881.0,1955.0,,figure,
46642,55424572-8a01-458d-af68-3d57d4f1867d,"https://api.nga.gov/iiif/55424572-8a01-458d-af68-3d57d4f1867d/full/!200,200/0/default.jpg",https://api.nga.gov/iiif/55424572-8a01-458d-af68-3d57d4f1867d,"Odalisque Seated with Arms Raised, Green Striped Chair",Henri Matisse,"Matisse, Henri",1923,1923.0,1923.0,1901 to 1925,oil on canvas,Painting,,painting,1963.10.167,17964,23331,640.0,"Matisse, Henri",French,French,1869.0,1954.0,,figure,/kaggle/working/nga_images/46642.jpg
46664,26833f2a-be4f-43cc-9216-b226c37557a3,"https://api.nga.gov/iiif/26833f2a-be4f-43cc-9216-b226c37557a3/full/!200,200/0/default.jpg",https://api.nga.gov/iiif/26833f2a-be4f-43cc-9216-b226c37557a3,Classical Head,Pablo Picasso,"Picasso, Pablo",1922,1922.0,1922.0,1901 to 1925,oil on canvas,Painting,,painting,1963.10.189,4891,5997,640.0,"Picasso, Pablo",Spanish,Spanish,1881.0,1973.0,,figure,/kaggle/working/nga_images/46664.jpg
46672,4bff26e6-7bea-40bd-8a5c-d0169a67cabe,"https://api.nga.gov/iiif/4bff26e6-7bea-40bd-8a5c-d0169a67cabe/full/!200,200/0/default.jpg",https://api.nga.gov/iiif/4bff26e6-7bea-40bd-8a5c-d0169a67cabe,Two Youths,Pablo Picasso,"Picasso, Pablo",1906,1906.0,1906.0,1901 to 1925,oil on canvas,Painting,,painting,1963.10.197,2072,3374,640.0,"Picasso, Pablo",Spanish,Spanish,1881.0,1973.0,,figure,/kaggle/working/nga_images/46672.jpg
52967,38f8cffe-50a1-43f9-8f8d-50a62195572d,"https://api.nga.gov/iiif/38f8cffe-50a1-43f9-8f8d-50a62195572d/full/!200,200/0/default.jpg",https://api.nga.gov/iiif/38f8cffe-50a1-43f9-8f8d-50a62195572d,Ichabod Crane and the Headless Horseman,after William John Wilgus,"Wilgus, William John, after",c. 1855,1855.0,1855.0,1851 to 1875,oil on canvas,Painting,,painting,1971.83.21,6939,4794,,Anonymous Artist,Unknown,Other,,,Naive,secular,/kaggle/working/nga_images/52967.jpg
53580,d5131a31-8fb0-4fb8-a13f-e82af9b0d377,"https://api.nga.gov/iiif/d5131a31-8fb0-4fb8-a13f-e82af9b0d377/full/!200,200/0/default.jpg",https://api.nga.gov/iiif/d5131a31-8fb0-4fb8-a13f-e82af9b0d377,Easter Sunday,Alexej von Jawlensky,"Jawlensky, Alexej von",1932,1932.0,1932.0,1926 to 1950,oil on hardboard,Painting,,painting,1973.2.1,4744,6590,640.0,"Jawlensky, Alexej von",Russian,Russian,1864.0,1941.0,German Expressionist,figure,/kaggle/working/nga_images/53580.jpg
60661,4ce3a582-bbd3-43ff-bd7e-ec3d71bd6444,"https://api.nga.gov/iiif/4ce3a582-bbd3-43ff-bd7e-ec3d71bd6444/full/!200,200/0/default.jpg",https://api.nga.gov/iiif/4ce3a582-bbd3-43ff-bd7e-ec3d71bd6444,Head of a Catalan Peasant,Joan Miró,"Miró, Joan",1924,1924.0,1924.0,1901 to 1925,oil and crayon on canvas,Painting,,painting,1981.9.1,7602,9756,640.0,"Miró, Joan",Spanish,Spanish,1893.0,1983.0,Surrealist,portrait,/kaggle/working/nga_images/60661.jpg
67384,b4bc3f0f-0110-4acf-997b-1b43c583c30e,"https://api.nga.gov/iiif/b4bc3f0f-0110-4acf-997b-1b43c583c30e/full/!200,200/0/default.jpg",https://api.nga.gov/iiif/b4bc3f0f-0110-4acf-997b-1b43c583c30e,Portrait of a Young Girl,Mark Rothko,"Rothko, Mark",c. 1932,1932.0,1932.0,1926 to 1950,oil on canvas on board,Painting,,painting,1986.43.27,900,1200,640.0,"Rothko, Mark",American,American,1903.0,1970.0,Abstract Expressionist,figure,/kaggle/working/nga_images/67384.jpg
67386,a19d1305-fe4c-414b-8538-a6c772ef5ab0,"https://api.nga.gov/iiif/a19d1305-fe4c-414b-8538-a6c772ef5ab0/full/!200,200/0/default.jpg",https://api.nga.gov/iiif/a19d1305-fe4c-414b-8538-a6c772ef5ab0,Seated Nude,Mark Rothko,"Rothko, Mark",c. 1934,1934.0,1934.0,1926 to 1950,oil on hardboard,Painting,,painting,1986.43.29,10801,13839,640.0,"Rothko, Mark",American,American,1903.0,1970.0,Abstract Expressionist,figure,/kaggle/working/nga_images/67386.jpg
67395,ca437163-c68d-464d-b941-9a6017959345,"https://api.nga.gov/iiif/ca437163-c68d-464d-b941-9a6017959345/full/!200,200/0/default.jpg",https://api.nga.gov/iiif/ca437163-c68d-464d-b941-9a6017959345,Contemplation,Mark Rothko,"Rothko, Mark",1937/1938,1937.0,1938.0,1926 to 1950,oil on canvas,Painting,,painting,1986.43.38,27879,20860,640.0,"Rothko, Mark",American,American,1903.0,1970.0,Abstract Expressionist,figure,/kaggle/working/nga_images/67395.jpg
67401,61a8769f-d69f-490a-bc0c-4e6103102ebb,"https://api.nga.gov/iiif/61a8769f-d69f-490a-bc0c-4e6103102ebb/full/!200,200/0/default.jpg",https://api.nga.gov/iiif/61a8769f-d69f-490a-bc0c-4e6103102ebb,Portrait,Mark Rothko,"Rothko, Mark",1936,1936.0,1936.0,1926 to 1950,oil on canvas,Painting,,painting,1986.43.44,4551,7460,640.0,"Rothko, Mark",American,American,1903.0,1970.0,Abstract Expressionist,figure,/kaggle/working/nga_images/67401.jpg
67405,cbb9789d-4bc2-446f-8ff9-f7bfe5cdf2c0,"https://api.nga.gov/iiif/cbb9789d-4bc2-446f-8ff9-f7bfe5cdf2c0/full/!200,200/0/default.jpg",https://api.nga.gov/iiif/cbb9789d-4bc2-446f-8ff9-f7bfe5cdf2c0,Untitled (woman and girl by a window),Mark Rothko,"Rothko, Mark",1936/1937,1936.0,1937.0,1926 to 1950,oil on canvas,Painting,,painting,1986.43.48,14678,12216,640.0,"Rothko, Mark",American,American,1903.0,1970.0,Abstract Expressionist,figure,/kaggle/working/nga_images/67405.jpg
67414,f4b64400-0a9d-424a-bfe9-082358d38d67,"https://api.nga.gov/iiif/f4b64400-0a9d-424a-bfe9-082358d38d67/full/!200,200/0/default.jpg",https://api.nga.gov/iiif/f4b64400-0a9d-424a-bfe9-082358d38d67,Untitled (woman with sculpture),Mark Rothko,"Rothko, Mark",1934/1935,1934.0,1935.0,1926 to 1950,oil on linen,Painting,,painting,1986.43.57,30481,17791,640.0,"Rothko, Mark",American,American,1903.0,1970.0,Abstract Expressionist,figure,/kaggle/working/nga_images/67414.jpg
67455,191e5261-c8fe-4cf0-a983-3eb9f9f9766d,"https://api.nga.gov/iiif/191e5261-c8fe-4cf0-a983-3eb9f9f9766d/full/!200,200/0/default.jpg",https://api.nga.gov/iiif/191e5261-c8fe-4cf0-a983-3eb9f9f9766d,Woman Reading,Mark Rothko,"Rothko, Mark",c. 1933,1933.0,1933.0,1926 to 1950,oil on canvas,Painting,,painting,1986.43.98,23428,20111,640.0,"Rothko, Mark",American,American,1903.0,1970.0,Abstract Expressionist,figure,/kaggle/working/nga_images/67455.jpg
67456,9512f9fe-b7cf-419f-b6ec-c515c24ff95f,"https://api.nga.gov/iiif/9512f9fe-b7cf-419f-b6ec-c515c24ff95f/full/!200,200/0/default.jpg",https://api.nga.gov/iiif/9512f9fe-b7cf-419f-b6ec-c515c24ff95f,Minna [or] The Blue Dress,Mark Rothko,"Rothko, Mark",c. 1932,1932.0,1932.0,1926 to 1950,oil on linen,Painting,,painting,1986.43.99,14204,10652,640.0,"Rothko, Mark",American,American,1903.0,1970.0,Abstract Expressionist,portrait,/kaggle/working/nga_images/67456.jpg
67458,4f94b391-fed2-4b9a-b9d8-e94079605709,"https://api.nga.gov/iiif/4f94b391-fed2-4b9a-b9d8-e94079605709/full/!200,200/0/default.jpg",https://api.nga.gov/iiif/4f94b391-fed2-4b9a-b9d8-e94079605709,Seated Woman,Mark Rothko,"Rothko, Mark",1933,1933.0,1933.0,1926 to 1950,oil on canvas,Painting,,painting,1986.43.101,16143,19090,640.0,"Rothko, Mark",American,American,1903.0,1970.0,Abstract Expressionist,figure,/kaggle/working/nga_images/67458.jpg
67467,77f01fa0-9125-42e7-a5d0-71f2a1e57888,"https://api.nga.gov/iiif/77f01fa0-9125-42e7-a5d0-71f2a1e57888/full/!200,200/0/default.jpg",https://api.nga.gov/iiif/77f01fa0-9125-42e7-a5d0-71f2a1e57888,Untitled (head),Mark Rothko,"Rothko, Mark",1938/1941,1938.0,1941.0,1926 to 1950,oil on canvas,Painting,,painting,1986.43.110,11279,8956,640.0,"Rothko, Mark",American,American,1903.0,1970.0,Abstract Expressionist,figure,/kaggle/working/nga_images/67467.jpg
67474,91f7d612-639b-4560-8493-29033895cec4,"https://api.nga.gov/iiif/91f7d612-639b-4560-8493-29033895cec4/full/!200,200/0/default.jpg",https://api.nga.gov/iiif/91f7d612-639b-4560-8493-29033895cec4,Untitled (still life) [obverse],Mark Rothko,"Rothko, Mark",c. 1938,1938.0,1938.0,1926 to 1950,oil on canvas,Painting,,painting,1986.43.117.a,24350,17303,640.0,"Rothko, Mark",American,American,1903.0,1970.0,Abstract Expressionist,still,/kaggle/working/nga_images/67474.jpg
67924,50239b8a-367e-43f8-a7a9-e96465d18bcc,"https://api.nga.gov/iiif/50239b8a-367e-43f8-a7a9-e96465d18bcc/full/!200,200/0/default.jpg",https://api.nga.gov/iiif/50239b8a-367e-43f8-a7a9-e96465d18bcc,Marie Jane Hughes Marin (Mrs. John Marin),John Marin,"Marin, John",c. 1944,1944.0,1944.0,1926 to 1950,oil on canvas,Painting,,painting,1986.54.8,9286,11844,640.0,"Marin, John",American,American,1870.0,1953.0,,portrait,/kaggle/working/nga_images/67924.jpg
89676,307969c5-6d50-4b3e-af9e-534f42280cee,"https://api.nga.gov/iiif/307969c5-6d50-4b3e-af9e-534f42280cee/full/!200,200/0/default.jpg",https://api.nga.gov/iiif/307969c5-6d50-4b3e-af9e-534f42280cee,The Convalescent,Gwen John,"John, Gwen",probably late 1910s to mid 1920s,1915.0,1927.0,1901 to 1925,oil on canvas,Painting,,painting,1994.59.15,8973,11148,640.0,"John, Gwen",British,British,1876.0,1939.0,,figure,/kaggle/working/nga_images/89676.jpg
100870,dbe00063-6338-4270-8c84-521389fe29b5,"https://api.nga.gov/iiif/dbe00063-6338-4270-8c84-521389fe29b5/full/!200,200/0/default.jpg",https://api.nga.gov/iiif/dbe00063-6338-4270-8c84-521389fe29b5,Portrait of I.M. Pei,Richard Estes,"Estes, Richard",1996,1996.0,1996.0,1976 to 2000,oil on canvas,Painting,,painting,2020.21.1,27758,15525,640.0,"Estes, Richard",American,American,1932.0,,,portrait,/kaggle/working/nga_images/100870.jpg
110330,5179ce35-0eea-4beb-91ae-479344b690c6,"https://api.nga.gov/iiif/5179ce35-0eea-4beb-91ae-479344b690c6/full/!200,200/0/default.jpg",https://api.nga.gov/iiif/5179ce35-0eea-4beb-91ae-479344b690c6,A Fire in the Woods,Mary Anne Robertson (Grandma) Moses,"Moses, Mary Anne Robertson (Grandma)",1947,1947.0,1947.0,1926 to 1950,oil on board,Painting,,painting,1999.81.1,3000,1959,640.0,"Moses, Mary Anne Robertson (Grandma)",American,American,1860.0,1961.0,,genre,
121101,1736e707-7b63-437c-96be-4fedc953f010,"https://api.nga.gov/iiif/1736e707-7b63-437c-96be-4fedc953f010/full/!200,200/0/default.jpg",https://api.nga.gov/iiif/1736e707-7b63-437c-96be-4fedc953f010,"Flower Garden, Kneeling Woman with Hat",Emil Nolde,"Nolde, Emil",1908,1908.0,1908.0,1901 to 1925,oil on canvas,Painting,,painting,2020.112.4,32322,24968,640.0,"Nolde, Emil",German,German,1867.0,1956.0,German Expressionist,botanical,/kaggle/working/nga_images/121101.jpg
121105,7ee50ba4-5e3d-4215-8f4a-ac8a549053f2,"https://api.nga.gov/iiif/7ee50ba4-5e3d-4215-8f4a-ac8a549053f2/full/!200,200/0/default.jpg",https://api.nga.gov/iiif/7ee50ba4-5e3d-4215-8f4a-ac8a549053f2,Portrait of a Woman,Alexej von Jawlensky,"Jawlensky, Alexej von",c. 1911,1911.0,1911.0,1901 to 1925,oil on board,Painting,,painting,2020.112.6,13115,15968,640.0,"Jawlensky, Alexej von",Russian,Russian,1864.0,1941.0,German Expressionist,figure,/kaggle/working/nga_images/121105.jpg
121117,09b8e36b-3cba-469d-baeb-3a3393fdcabc,"https://api.nga.gov/iiif/09b8e36b-3cba-469d-baeb-3a3393fdcabc/full/!200,200/0/default.jpg",https://api.nga.gov/iiif/09b8e36b-3cba-469d-baeb-3a3393fdcabc,People on a Café Terrace,Elisabeth Epstein,"Epstein, Elisabeth",1913,1913.0,1913.0,1901 to 1925,oil on canvas,Painting,,painting,2020.112.9,21973,21994,640.0,"Epstein, Elisabeth",Swiss,Swiss,1879.0,1956.0,German Expressionist,figure,/kaggle/working/nga_images/121117.jpg
136010,f8097a66-a3cb-4373-8bf6-e8b074aaf38c,"https://api.nga.gov/iiif/f8097a66-a3cb-4373-8bf6-e8b074aaf38c/full/!200,200/0/default.jpg",https://api.nga.gov/iiif/f8097a66-a3cb-4373-8bf6-e8b074aaf38c,Nude in an Interior,Pierre Bonnard,"Bonnard, Pierre",c. 1935,1935.0,1935.0,1926 to 1950,oil on canvas,Painting,,painting,2006.128.8,13066,24934,640.0,"Bonnard, Pierre",French,French,1867.0,1947.0,Post-Impressionist,figure,/kaggle/working/nga_images/136010.jpg
138183,7fbda92d-aca4-48c9-b0d0-ab5603d659e4,"https://api.nga.gov/iiif/7fbda92d-aca4-48c9-b0d0-ab5603d659e4/full/!200,200/0/default.jpg",https://api.nga.gov/iiif/7fbda92d-aca4-48c9-b0d0-ab5603d659e4,Bathing Scene (The Green Cloak),Max Beckmann,"Beckmann, Max",1934,1934.0,1934.0,1926 to 1950,oil on canvas,Painting,,painting,2006.164.1,5545,10884,640.0,"Beckmann, Max",German,German,1884.0,1950.0,German Expressionist,figure,/kaggle/working/nga_images/138183.jpg
140023,170a4314-9a87-4de0-8b07-387f13716e8f,"https://api.nga.gov/iiif/170a4314-9a87-4de0-8b07-387f13716e8f/full/!200,200/0/default.jpg",https://api.nga.gov/iiif/170a4314-9a87-4de0-8b07-387f13716e8f,President Bill Clinton,Chuck Close,"Close, Chuck",2006,2006.0,2006.0,2001 to present,oil on linen,Painting,,painting,2007.151.1,5671,7312,640.0,"Close, Chuck",American,American,1940.0,2021.0,,portrait,/kaggle/working/nga_images/140023.jpg
154543,1465555b-8f73-4857-b013-2e678aab0738,"https://api.nga.gov/iiif/1465555b-8f73-4857-b013-2e678aab0738/full/!200,200/0/default.jpg",https://api.nga.gov/iiif/1465555b-8f73-4857-b013-2e678aab0738,Dark Portrait,Lester Johnson,"Johnson, Lester",c. 1960,1960.0,1960.0,1951 to 1975,oil on canvas,Painting,,painting,2011.39.1,8789,9105,640.0,"Johnson, Lester",American,American,1919.0,2010.0,,figure,/kaggle/working/nga_images/154543.jpg
158369,860f84af-3515-4018-86ce-7a2832ec6660,"https://api.nga.gov/iiif/860f84af-3515-4018-86ce-7a2832ec6660/full/!200,200/0/default.jpg",https://api.nga.gov/iiif/860f84af-3515-4018-86ce-7a2832ec6660,Legend and Fact,Willem de Kooning,"de Kooning, Willem",1940,1940.0,1940.0,1926 to 1950,duco enamel on gypsum board (marinite),Painting,,painting,1971.52.1.a-d,2000,621,640.0,"de Kooning, Willem",American,American,1904.0,1997.0,,allegory,/kaggle/working/nga_images/158369.jpg
163540,164c7543-1c37-4c83-9628-161e371f7d59,"https://api.nga.gov/iiif/164c7543-1c37-4c83-9628-161e371f7d59/full/!200,200/0/default.jpg",https://api.nga.gov/iiif/164c7543-1c37-4c83-9628-161e371f7d59,The Friar,Georges Rouault,"Rouault, Georges",c. 1930,1930.0,1930.0,1926 to 1950,oil on board,Painting,,painting,2014.17.23,10486,13718,640.0,"Rouault, Georges",French,French,1871.0,1958.0,,figure,/kaggle/working/nga_images/163540.jpg
164772,691847d1-72b5-427f-918b-80690268ea9b,"https://api.nga.gov/iiif/691847d1-72b5-427f-918b-80690268ea9b/full/!200,200/0/default.jpg",https://api.nga.gov/iiif/691847d1-72b5-427f-918b-80690268ea9b,Donna che indica (Woman who points),Michelangelo Pistoletto,"Pistoletto, Michelangelo","conceived 1962, fabricated 1982",1962.0,1982.0,1951 to 1975,silkscreen print on polished stainless steel,Painting,,painting,2014.28.1,3913,4000,640.0,"Pistoletto, Michelangelo",Italian,Italian,1933.0,,,figure,/kaggle/working/nga_images/164772.jpg
166503,af22c7ab-4b0a-418b-a040-e740d587a2e0,"https://api.nga.gov/iiif/af22c7ab-4b0a-418b-a040-e740d587a2e0/full/!200,200/0/default.jpg",https://api.nga.gov/iiif/af22c7ab-4b0a-418b-a040-e740d587a2e0,Mao,Andy Warhol,"Warhol, Andy",1973,1973.0,1973.0,1951 to 1975,acrylic and silkscreen ink on linen,Painting,,painting,2014.79.50,13304,15779,640.0,"Warhol, Andy",American,American,1928.0,1987.0,,portrait,/kaggle/working/nga_images/166503.jpg
171260,4c80e60b-9101-4e67-812f-cac7168e4b4d,"https://api.nga.gov/iiif/4c80e60b-9101-4e67-812f-cac7168e4b4d/full/!200,200/0/default.jpg",https://api.nga.gov/iiif/4c80e60b-9101-4e67-812f-cac7168e4b4d,Self-Portrait (X),Glenn Ligon,"Ligon, Glenn",1996,1996.0,1996.0,1976 to 2000,silkscreen ink on canvas,Painting,,painting,2015.19.217,16033,19218,,"Ligon, Glenn",American,American,1960.0,,,portrait,/kaggle/working/nga_images/171260.jpg
169161,d63d8e23-4abd-4640-ac76-a5153856f7c3,"https://api.nga.gov/iiif/d63d8e23-4abd-4640-ac76-a5153856f7c3/full/!200,200/0/default.jpg",https://api.nga.gov/iiif/d63d8e23-4abd-4640-ac76-a5153856f7c3,Bubble Dancer (Bleecker Street Tavern Mural),Franz Kline,"Kline, Franz",1940,1940.0,1940.0,1926 to 1950,oil on canvas board,Painting,,painting,2014.145.2,10891,10951,640.0,"Kline, Franz",American,American,1910.0,1962.0,,figure,/kaggle/working/nga_images/169161.jpg
171263,4a98a4b8-3e50-40f5-8479-5a93996e169d,"https://api.nga.gov/iiif/4a98a4b8-3e50-40f5-8479-5a93996e169d/full/!200,200/0/default.jpg",https://api.nga.gov/iiif/4a98a4b8-3e50-40f5-8479-5a93996e169d,Self-Portrait (VIII),Glenn Ligon,"Ligon, Glenn",1996,1996.0,1996.0,1976 to 2000,silkscreen ink on canvas,Painting,,painting,2015.19.5301,16030,19207,,"Ligon, Glenn",American,American,1960.0,,,portrait,/kaggle/working/nga_images/171263.jpg
176359,1e74a35e-c07c-44c0-a020-f3f49ed03c57,"https://api.nga.gov/iiif/1e74a35e-c07c-44c0-a020-f3f49ed03c57/full/!200,200/0/default.jpg",https://api.nga.gov/iiif/1e74a35e-c07c-44c0-a020-f3f49ed03c57,Portrait of Elmer Bischoff,David Park,"Park, David",1958,1958.0,1958.0,1951 to 1975,oil on canvas,Painting,,painting,2015.19.137,12278,13624,640.0,"Park, David",American,American,1911.0,1960.0,,portrait,/kaggle/working/nga_images/176359.jpg
177911,6025004c-9398-4b32-b75b-721516b0142c,"https://api.nga.gov/iiif/6025004c-9398-4b32-b75b-721516b0142c/full/!200,200/0/default.jpg",https://api.nga.gov/iiif/6025004c-9398-4b32-b75b-721516b0142c,Portrait of Richard Diebenkorn,David Park,"Park, David",1958,1958.0,1958.0,1951 to 1975,oil on canvas,Painting,,painting,2015.19.138,11079,12451,640.0,"Park, David",American,American,1911.0,1960.0,,portrait,/kaggle/working/nga_images/177911.jpg
195008,2e484829-9c14-4bec-a6da-bf18163d4872,"https://api.nga.gov/iiif/2e484829-9c14-4bec-a6da-bf18163d4872/full/!200,200/0/default.jpg",https://api.nga.gov/iiif/2e484829-9c14-4bec-a6da-bf18163d4872,The Student,Irving Ramsay Wiles,"Wiles, Irving Ramsay",1910,1910.0,1910.0,1901 to 1925,oil on canvas,Painting,,painting,2015.19.5,5659,6898,640.0,"Wiles, Irving R.",American,American,1861.0,1948.0,Realist,portrait,
195201,e7c4907e-0ca0-4337-8362-8c3d97816dd0,"https://api.nga.gov/iiif/e7c4907e-0ca0-4337-8362-8c3d97816dd0/full/!200,200/0/default.jpg",https://api.nga.gov/iiif/e7c4907e-0ca0-4337-8362-8c3d97816dd0,Stars and Dews and Dreams of Night,Arthur B. Davies,"Davies, Arthur B.",c. 1927,1927.0,1927.0,1926 to 1950,oil on canvas,Painting,,painting,2014.136.53,11579,17797,640.0,"Davies, Arthur B.",American,American,1862.0,1928.0,,figure,/kaggle/working/nga_images/195201.jpg
195301,1483fbc3-8b1f-4b86-8d18-8411dfee9e90,"https://api.nga.gov/iiif/1483fbc3-8b1f-4b86-8d18-8411dfee9e90/full/!200,200/0/default.jpg",https://api.nga.gov/iiif/1483fbc3-8b1f-4b86-8d18-8411dfee9e90,Abstract Heads,Alfred H. Maurer,"Maurer, Alfred H.",c. 1931,1931.0,1931.0,1926 to 1950,unidentified media on fabric mounted on panel,Painting,,painting,2014.136.136,17621,25350,640.0,"Maurer, Alfred H.",American,American,1868.0,1932.0,,figure,/kaggle/working/nga_images/195301.jpg
195371,b1eb683f-ffb7-4277-8d17-151ea3a58cc4,"https://api.nga.gov/iiif/b1eb683f-ffb7-4277-8d17-151ea3a58cc4/full/!200,200/0/default.jpg",https://api.nga.gov/iiif/b1eb683f-ffb7-4277-8d17-151ea3a58cc4,"Indian Shops, Gay Head, Massachusetts",Lois Mailou Jones,"Jones, Lois Mailou",1940,1940.0,1940.0,1926 to 1950,oil on canvas,Painting,,painting,2015.19.212,15847,12948,,"Jones, Lois Mailou",American,American,1905.0,1998.0,,genre,/kaggle/working/nga_images/195371.jpg
195510,c04a122a-ebdf-4f1a-b809-347f170bb356,"https://api.nga.gov/iiif/c04a122a-ebdf-4f1a-b809-347f170bb356/full/!200,200/0/default.jpg",https://api.nga.gov/iiif/c04a122a-ebdf-4f1a-b809-347f170bb356,Reflection,Hughie Lee-Smith,"Lee-Smith, Hughie",1957,1957.0,1957.0,1951 to 1975,oil on particle board,Painting,,painting,2015.19.207,28829,19124,640.0,"Lee-Smith, Hughie",American,American,1915.0,1999.0,,figure,/kaggle/working/nga_images/195510.jpg
195684,850ca13f-2408-43c1-8ccb-0b1fbfc00826,"https://api.nga.gov/iiif/850ca13f-2408-43c1-8ccb-0b1fbfc00826/full/!200,200/0/default.jpg",https://api.nga.gov/iiif/850ca13f-2408-43c1-8ccb-0b1fbfc00826,Summer Street,Grace Hartigan,"Hartigan, Grace",1956,1956.0,1956.0,1951 to 1975,oil on canvas,Painting,,painting,2014.136.132,18058,24733,640.0,"Hartigan, Grace",American,American,1922.0,2008.0,,genre,/kaggle/working/nga_images/195684.jpg
203989,021508a1-874b-4117-86ac-1eb0f3836715,"https://api.nga.gov/iiif/021508a1-874b-4117-86ac-1eb0f3836715/full/!200,200/0/default.jpg",https://api.nga.gov/iiif/021508a1-874b-4117-86ac-1eb0f3836715,The Bather with Outstretched Arms,Graham Nickson,"Nickson, Graham",1980-1981,1980.0,1981.0,1976 to 2000,Liquitex on museum board (five panels),Painting,,painting,2015.155.1,26451,22052,640.0,"Nickson, Graham",British,British,1946.0,,,figure,/kaggle/working/nga_images/203989.jpg
210094,1fd6a9a4-1920-4382-b854-e401f6580788,"https://api.nga.gov/iiif/1fd6a9a4-1920-4382-b854-e401f6580788/full/!200,200/0/default.jpg",https://api.nga.gov/iiif/1fd6a9a4-1920-4382-b854-e401f6580788,Isaac and Oliver,Alex Katz,"Katz, Alex",2013,2013.0,2013.0,2001 to present,oil on linen,Painting,,painting,2017.44.1,25531,12790,640.0,"Katz, Alex",American,American,1927.0,,Realist,portrait,/kaggle/working/nga_images/210094.jpg
219336,689f5ca4-e8dc-458b-bb2b-0df4ce24084d,"https://api.nga.gov/iiif/689f5ca4-e8dc-458b-bb2b-0df4ce24084d/full/!200,200/0/default.jpg",https://api.nga.gov/iiif/689f5ca4-e8dc-458b-bb2b-0df4ce24084d,Andrew W. Mellon,Philip Alexius de László,"László, Philip Alexius de",1932,1932.0,1932.0,1926 to 1950,oil and gouache on hardboard,Painting,,painting,2019.21.1,15597,24310,640.0,"László, Philip Alexius de",British,British,1869.0,1937.0,Realist,portrait,/kaggle/working/nga_images/219336.jpg
219384,61eb7177-9ff2-45a4-8572-5b75d6553063,"https://api.nga.gov/iiif/61eb7177-9ff2-45a4-8572-5b75d6553063/full/!200,200/0/default.jpg",https://api.nga.gov/iiif/61eb7177-9ff2-45a4-8572-5b75d6553063,Midnight Truth,Yoshitomo Nara,"Nara, Yoshitomo",2017,2017.0,2017.0,2001 to present,acrylic on canvas,Painting,,painting,2019.100.1,19238,23938,640.0,"Nara, Yoshitomo",Japanese,Japanese,1959.0,,,figure,/kaggle/working/nga_images/219384.jpg
219518,681d52f0-c9eb-45e2-ba97-ab4d93dcb32c,"https://api.nga.gov/iiif/681d52f0-c9eb-45e2-ba97-ab4d93dcb32c/full/!200,200/0/default.jpg",https://api.nga.gov/iiif/681d52f0-c9eb-45e2-ba97-ab4d93dcb32c,Three Figures,Dino Aranda,"Aranda, Dino",1968,1968.0,1968.0,1951 to 1975,acrylic on canvas,Painting,,painting,2019.101.1,26556,16898,640.0,"Aranda, Dino",American,American,1945.0,,,figure,/kaggle/working/nga_images/219518.jpg
221464,0c45f816-d3ac-4f12-8402-84b67e941820,"https://api.nga.gov/iiif/0c45f816-d3ac-4f12-8402-84b67e941820/full/!200,200/0/default.jpg",https://api.nga.gov/iiif/0c45f816-d3ac-4f12-8402-84b67e941820,A Sunburst Restrained,María Berrío,"Berrío, María",2019,2019.0,2019.0,2001 to present,collage with Japanese paper and watercolor on canvas,Painting,Collage,painting,2020.2.1,23520,19724,,"Berrío, María",Colombian,Other,1982.0,,,figure,/kaggle/working/nga_images/221464.jpg
222419,a6f47649-a9d4-4494-9b4f-61406d4edff4,"https://api.nga.gov/iiif/a6f47649-a9d4-4494-9b4f-61406d4edff4/full/!200,200/0/default.jpg",https://api.nga.gov/iiif/a6f47649-a9d4-4494-9b4f-61406d4edff4,A Man Can Be a Star,Thornton Dial Jr.,"Dial, Thornton Jr.",1988,1988.0,1988.0,1976 to 2000,"galvanized ferrous metal, wood, carpet, glasses, and industrial sealing compound on wood",Painting,Collage,painting,2020.28.11,10718,9646,640.0,"Dial, Thornton Jr.",American,American,1953.0,,,figure,/kaggle/working/nga_images/222419.jpg
222462,11cbba7a-c44c-4d6b-be27-dcf973db634a,"https://api.nga.gov/iiif/11cbba7a-c44c-4d6b-be27-dcf973db634a/full/!200,200/0/default.jpg",https://api.nga.gov/iiif/11cbba7a-c44c-4d6b-be27-dcf973db634a,Eko Skyscraper,Njideka Akunyili Crosby,"Crosby, Njideka Akunyili",2019,2019.0,2019.0,2001 to present,acrylic and color pencil on panel,Painting,,painting,2022.2.1,27296,32936,640.0,"Crosby, Njideka Akunyili",Nigerian,Other,1983.0,,,figure,/kaggle/working/nga_images/222462.jpg
222806,70b64ac0-ce05-4325-9fd4-d6aa05e75634,"https://api.nga.gov/iiif/70b64ac0-ce05-4325-9fd4-d6aa05e75634/full/!200,200/0/default.jpg",https://api.nga.gov/iiif/70b64ac0-ce05-4325-9fd4-d6aa05e75634,Yellow Rise: Sun Watcher,Graham Nickson,"Nickson, Graham",2017,2017.0,2017.0,2001 to present,oil on linen,Painting,,painting,2022.52.1,32525,43269,640.0,"Nickson, Graham",British,British,1946.0,,,figure,/kaggle/working/nga_images/222806.jpg
224226,a8577782-316b-4da8-9317-291925321dd8,"https://api.nga.gov/iiif/a8577782-316b-4da8-9317-291925321dd8/full/!200,200/0/default.jpg",https://api.nga.gov/iiif/a8577782-316b-4da8-9317-291925321dd8,Clinging unto the Lord,Genesis Tramaine,"Tramaine, Genesis",2021,2021.0,2021.0,2001 to present,"acrylic, oil stick, oil pastel, Lawry’s Seasoned Salt, and the Holy Spirit on canvas",Painting,,painting,2022.30.1,27469,41216,640.0,"Tramaine, Genesis",American,American,1983.0,,,portrait,/kaggle/working/nga_images/224226.jpg
224391,064b49c6-d9a0-47d5-8148-b86d12f0319d,"https://api.nga.gov/iiif/064b49c6-d9a0-47d5-8148-b86d12f0319d/full/!200,200/0/default.jpg",https://api.nga.gov/iiif/064b49c6-d9a0-47d5-8148-b86d12f0319d,Self-Portrait of Me,Mose Tolliver,"Tolliver, Mose",undated,1900.0,1999.0,1876 to 1900,house paint on wood panel,Painting,,painting,2022.12.1,8282,13549,640.0,"Tolliver, Mose",American,American,1918.0,2006.0,,portrait,/kaggle/working/nga_images/224391.jpg
224392,c72c2e3a-326b-4c3b-ab85-0aef9b288a64,"https://api.nga.gov/iiif/c72c2e3a-326b-4c3b-ab85-0aef9b288a64/full/!200,200/0/default.jpg",https://api.nga.gov/iiif/c72c2e3a-326b-4c3b-ab85-0aef9b288a64,Young Willie Mae,Mose Tolliver,"Tolliver, Mose",undated,1900.0,1999.0,1876 to 1900,house paint on wood panel,Painting,,painting,2022.12.2,7038,13162,640.0,"Tolliver, Mose",American,American,1918.0,2006.0,,portrait,/kaggle/working/nga_images/224392.jpg
224919,3b5b7b90-f466-48fa-8202-bf5a4eb17dd2,"https://api.nga.gov/iiif/3b5b7b90-f466-48fa-8202-bf5a4eb17dd2/full/!200,200/0/default.jpg",https://api.nga.gov/iiif/3b5b7b90-f466-48fa-8202-bf5a4eb17dd2,Portrait of Lucia Bonasoni Garzoni,Lavinia Fontana,"Fontana, Lavinia",c. 1590,1590.0,1590.0,1551 to 1600,"oil on canvas
",Painting,,painting,2022.38.1,30829,39594,640.0,"Fontana, Lavinia",Italian,Italian,1552.0,1614.0,Baroque,portrait,/kaggle/working/nga_images/224919.jpg
71071,918ee33f-cdd0-40e2-ab70-bab30048b14b,"https://api.nga.gov/iiif/918ee33f-cdd0-40e2-ab70-bab30048b14b/full/!200,200/0/default.jpg",https://api.nga.gov/iiif/918ee33f-cdd0-40e2-ab70-bab30048b14b,Woman Seated in an Armchair,Henri Matisse,"Matisse, Henri",1940,1940.0,1940.0,1926 to 1950,oil on canvas,Painting,,painting,1989.31.1,29306,24338,640.0,"Matisse, Henri",French,French,1869.0,1954.0,,figure,/kaggle/working/nga_images/71071.jpg
46653,9572178c-0a80-4e74-88bd-4bf3547e8eeb,"https://api.nga.gov/iiif/9572178c-0a80-4e74-88bd-4bf3547e8eeb/full/!200,200/0/default.jpg",https://api.nga.gov/iiif/9572178c-0a80-4e74-88bd-4bf3547e8eeb,Woman Seated under the Willows,Claude Monet,"Monet, Claude",1880,1880.0,1880.0,1876 to 1900,oil on canvas,Painting,,painting,1963.10.178,4644,6319,,"Monet, Claude",French,French,1840.0,1926.0,Impressionist,landscape,
25,82e62b74-1316-4ed3-9bf2-504e3939edec,"https://api.nga.gov/iiif/82e62b74-1316-4ed3-9bf2-504e3939edec/full/!200,200/0/default.jpg",https://api.nga.gov/iiif/82e62b74-1316-4ed3-9bf2-504e3939edec,Profile Portrait of a Lady,Franco-Flemish 15th Century,Franco-Flemish 15th Century,c. 1410,1410.0,1410.0,1401 to 1500,oil on panel,Painting,,painting,1937.1.23,16739,23782,,Franco-Flemish 15th Century,Franco-Flemish,Other,1400.0,1499.0,Renaissance,portrait,/kaggle/working/nga_images/25.jpg
74,e54612e0-b093-41c7-ba14-cf92a4a6f976,"https://api.nga.gov/iiif/e54612e0-b093-41c7-ba14-cf92a4a6f976/full/!200,200/0/default.jpg",https://api.nga.gov/iiif/e54612e0-b093-41c7-ba14-cf92a4a6f976,Portrait of an Elderly Lady,Frans Hals,"Hals, Frans",1633,1633.0,1633.0,1601 to 1650,oil on canvas,Painting,,painting,1937.1.67,15776,18722,,"Hals, Frans",Dutch,Dutch,1582.0,1666.0,Baroque,portrait,/kaggle/working/nga_images/74.jpg
102,72f7cb60-a0e0-40e7-abc6-86f62d5f7b4e,"https://api.nga.gov/iiif/72f7cb60-a0e0-40e7-abc6-86f62d5f7b4e/full/!200,200/0/default.jpg",https://api.nga.gov/iiif/72f7cb60-a0e0-40e7-abc6-86f62d5f7b4e,Lady Elizabeth Delmé and Her Children,Sir Joshua Reynolds,"Reynolds, Joshua, Sir",1777-1779,1777.0,1779.0,1776 to 1800,oil on canvas,Painting,,painting,1937.1.95,3176,5199,,"Reynolds, Joshua, Sir",British,British,1723.0,1792.0,,portrait,/kaggle/working/nga_images/102.jpg
103,af77d71b-af60-4302-bed6-ee520b1c13af,"https://api.nga.gov/iiif/af77d71b-af60-4302-bed6-ee520b1c13af/full/!200,200/0/default.jpg",https://api.nga.gov/iiif/af77d71b-af60-4302-bed6-ee520b1c13af,Lady Mary Templetown and Her Eldest Son,Sir Thomas Lawrence,"Lawrence, Thomas, Sir",1802,1802.0,1802.0,1801 to 1825,oil on canvas,Painting,,painting,1937.1.96,4884,7092,,"Lawrence, Thomas, Sir",British,British,1769.0,1830.0,,portrait,
104,44489c76-0ee1-4f02-a549-2c916b5269e8,"https://api.nga.gov/iiif/44489c76-0ee1-4f02-a549-2c916b5269e8/full/!200,200/0/default.jpg",https://api.nga.gov/iiif/44489c76-0ee1-4f02-a549-2c916b5269e8,Lady Elizabeth Compton,Sir Joshua Reynolds,"Reynolds, Joshua, Sir",1780-1782,1780.0,1782.0,1776 to 1800,oil on canvas,Painting,,painting,1937.1.97,2053,3406,,"Reynolds, Joshua, Sir",British,British,1723.0,1792.0,,portrait,/kaggle/working/nga_images/104.jpg
395,7f89c7c7-a5cf-499d-a7ab-d2aa33e360d1,"https://api.nga.gov/iiif/7f89c7c7-a5cf-499d-a7ab-d2aa33e360d1/full/!200,200/0/default.jpg",https://api.nga.gov/iiif/7f89c7c7-a5cf-499d-a7ab-d2aa33e360d1,Portrait of a Venetian Gentleman,Giovanni Bellini,"Bellini, Giovanni",c. 1500,1500.0,1500.0,1401 to 1500,oil on panel transferred to panel,Painting,,painting,1939.1.254,4758,7311,,"Bellini, Giovanni",Italian,Italian,1430.0,1516.0,Renaissance,portrait,/kaggle/working/nga_images/395.jpg
113,068873bf-6b25-4ff6-8314-17e4647f5cb5,"https://api.nga.gov/iiif/068873bf-6b25-4ff6-8314-17e4647f5cb5/full/!200,200/0/default.jpg",https://api.nga.gov/iiif/068873bf-6b25-4ff6-8314-17e4647f5cb5,Lady Caroline Howard,Sir Joshua Reynolds,"Reynolds, Joshua, Sir",1778,1778.0,1778.0,1776 to 1800,oil on canvas,Painting,,painting,1937.1.106,17374,21935,,"Reynolds, Joshua, Sir",British,British,1723.0,1792.0,,portrait,/kaggle/working/nga_images/113.jpg
255,b6f187a4-7c28-4347-a465-f296cbe6b2c7,"https://api.nga.gov/iiif/b6f187a4-7c28-4347-a465-f296cbe6b2c7/full/!200,200/0/default.jpg",https://api.nga.gov/iiif/b6f187a4-7c28-4347-a465-f296cbe6b2c7,A Gentleman in Adoration before the Madonna,Giovanni Battista Moroni,"Moroni, Giovanni Battista",c. 1560,1560.0,1560.0,1551 to 1600,oil on canvas,Painting,,painting,1939.1.114,17952,16434,,"Moroni, Giovanni Battista",Italian,Italian,1525.0,1578.0,Renaissance,religious,/kaggle/working/nga_images/255.jpg
371,9088cf38-69cb-4041-80e5-5c4372d0303d,"https://api.nga.gov/iiif/9088cf38-69cb-4041-80e5-5c4372d0303d/full/!200,200/0/default.jpg",https://api.nga.gov/iiif/9088cf38-69cb-4041-80e5-5c4372d0303d,Portrait of a Lady in White,Moretto da Brescia,Moretto da Brescia,c. 1540,1540.0,1540.0,1501 to 1550,oil on canvas,Painting,,painting,1939.1.230,3955,4813,,Moretto da Brescia,Italian,Italian,1498.0,1554.0,Renaissance,portrait,
398,710f9b91-32e0-4828-ad5d-2d01018a804e,"https://api.nga.gov/iiif/710f9b91-32e0-4828-ad5d-2d01018a804e/full/!200,200/0/default.jpg",https://api.nga.gov/iiif/710f9b91-32e0-4828-ad5d-2d01018a804e,Portrait of a Gentleman,Bartolomeo Veneto,Bartolomeo Veneto,c. 1520,1520.0,1520.0,1501 to 1550,oil on panel transferred to canvas,Painting,,painting,1939.1.257,11977,15791,,Bartolomeo Veneto,Italian,Italian,1482.0,1531.0,Renaissance,portrait,/kaggle/working/nga_images/398.jpg
399,f10d1973-e827-4a48-b792-5bf76a77ae9d,"https://api.nga.gov/iiif/f10d1973-e827-4a48-b792-5bf76a77ae9d/full/!200,200/0/default.jpg",https://api.nga.gov/iiif/f10d1973-e827-4a48-b792-5bf76a77ae9d,Portrait of a Venetian Gentleman,Cariani,Cariani,c. 1510/1515,1510.0,1515.0,1501 to 1550,oil on canvas,Painting,,painting,1939.1.258,25454,30763,,Cariani,Italian,Italian,1485.0,1547.0,Renaissance,portrait,/kaggle/working/nga_images/399.jpg
435,4b6a997d-410c-44af-a3f1-95ac4f103717,"https://api.nga.gov/iiif/4b6a997d-410c-44af-a3f1-95ac4f103717/full/!200,200/0/default.jpg",https://api.nga.gov/iiif/4b6a997d-410c-44af-a3f1-95ac4f103717,Woman Holding an Apple,Titian,Titian,c. 1550,1550.0,1550.0,1501 to 1550,oil on canvas,Painting,,painting,1939.1.292,12872,17089,,Titian,Italian,Italian,1490.0,1576.0,Renaissance,portrait,/kaggle/working/nga_images/435.jpg
573,7a5c8d93-6d4e-4eb4-9b4d-cb0406c7f16f,"https://api.nga.gov/iiif/7a5c8d93-6d4e-4eb4-9b4d-cb0406c7f16f/full/!200,200/0/default.jpg",https://api.nga.gov/iiif/7a5c8d93-6d4e-4eb4-9b4d-cb0406c7f16f,Portrait of a Flemish Lady,Sir Anthony van Dyck,"Dyck, Anthony van, Sir",probably 1618,1618.0,1618.0,1601 to 1650,oil on canvas,Painting,,painting,1940.1.14,12820,17474,,"Dyck, Anthony van, Sir",Flemish,Flemish,1599.0,1641.0,Baroque,portrait,/kaggle/working/nga_images/573.jpg
1206,4ea98624-ae65-408f-8322-745527f6c352,"https://api.nga.gov/iiif/4ea98624-ae65-408f-8322-745527f6c352/full/!200,200/0/default.jpg",https://api.nga.gov/iiif/4ea98624-ae65-408f-8322-745527f6c352,Portrait of a Gentleman with a Tall Hat and Gloves,Rembrandt van Rijn,Rembrandt van Rijn,c. 1656/1658,1656.0,1658.0,1651 to 1700,oil on canvas transferred to canvas,Painting,,painting,1942.9.67,17533,20861,,Rembrandt van Rijn,Dutch,Dutch,1606.0,1669.0,Baroque,portrait,/kaggle/working/nga_images/1206.jpg
1234,d98a958b-291a-40f3-9dda-b5d371b69dd7,"https://api.nga.gov/iiif/d98a958b-291a-40f3-9dda-b5d371b69dd7/full/!200,200/0/default.jpg",https://api.nga.gov/iiif/d98a958b-291a-40f3-9dda-b5d371b69dd7,"Catherine Howard, Lady d'Aubigny",Sir Anthony van Dyck,"Dyck, Anthony van, Sir",c. 1638,1638.0,1638.0,1601 to 1650,oil on canvas,Painting,,painting,1942.9.95,17048,21568,,"Dyck, Anthony van, Sir",Flemish,Flemish,1599.0,1641.0,Baroque,portrait,/kaggle/working/nga_images/1234.jpg
1168,b4040d59-d7aa-4748-b785-9fb5d7041e44,"https://api.nga.gov/iiif/b4040d59-d7aa-4748-b785-9fb5d7041e44/full/!200,200/0/default.jpg",https://api.nga.gov/iiif/b4040d59-d7aa-4748-b785-9fb5d7041e44,Portrait of a Gentleman,Frans Hals,"Hals, Frans",1650/1652,1650.0,1652.0,1601 to 1650,oil on canvas,Painting,,painting,1942.9.29,7209,9841,,"Hals, Frans",Dutch,Dutch,1582.0,1666.0,Baroque,portrait,/kaggle/working/nga_images/1168.jpg
1186,3c4d40ea-b148-4a1f-b0d8-840929cbb973,"https://api.nga.gov/iiif/3c4d40ea-b148-4a1f-b0d8-840929cbb973/full/!200,200/0/default.jpg",https://api.nga.gov/iiif/3c4d40ea-b148-4a1f-b0d8-840929cbb973,Portrait of a Lady,Neroccio de' Landi,Neroccio de' Landi,c. 1485,1485.0,1485.0,1401 to 1500,tempera on pine panel,Painting,,painting,1942.9.47,18422,24719,,Neroccio de' Landi,Italian,Italian,1447.0,1500.0,Renaissance,portrait,/kaggle/working/nga_images/1186.jpg
1207,5ba544cc-c2d9-4991-92fb-4fee13768524,"https://api.nga.gov/iiif/5ba544cc-c2d9-4991-92fb-4fee13768524/full/!200,200/0/default.jpg",https://api.nga.gov/iiif/5ba544cc-c2d9-4991-92fb-4fee13768524,Portrait of a Lady with an Ostrich-Feather Fan,Rembrandt van Rijn,Rembrandt van Rijn,c. 1656/1658,1656.0,1658.0,1651 to 1700,oil on canvas transferred to canvas,Painting,,painting,1942.9.68,17330,21073,,Rembrandt van Rijn,Dutch,Dutch,1606.0,1669.0,Baroque,portrait,/kaggle/working/nga_images/1207.jpg
1217,65f8d5c4-dbbb-4bbd-8a9f-1e87b9b1f2c4,"https://api.nga.gov/iiif/65f8d5c4-dbbb-4bbd-8a9f-1e87b9b1f2c4/full/!200,200/0/default.jpg",https://api.nga.gov/iiif/65f8d5c4-dbbb-4bbd-8a9f-1e87b9b1f2c4,Lady Arabella Ward,George Romney,"Romney, George",1783-1788,1783.0,1788.0,1776 to 1800,oil on canvas,Painting,,painting,1942.9.78,16549,19685,,"Romney, George",British,British,1734.0,1802.0,,portrait,/kaggle/working/nga_images/1217.jpg
3202,6fe68ba1-6d3c-4b43-a731-60aa6091e70d,"https://api.nga.gov/iiif/6fe68ba1-6d3c-4b43-a731-60aa6091e70d/full/!200,200/0/default.jpg",https://api.nga.gov/iiif/6fe68ba1-6d3c-4b43-a731-60aa6091e70d,Portrait of a Lady,German 16th Century,German 16th Century,1532,1532.0,1532.0,1501 to 1550,tempera on panel,Painting,,painting,1942.16.3,16562,23032,,German 16th Century,German,German,1500.0,1599.0,Renaissance,portrait,/kaggle/working/nga_images/3202.jpg
3238,2ed20848-64ef-47ed-b826-540d3d1d224f,"https://api.nga.gov/iiif/2ed20848-64ef-47ed-b826-540d3d1d224f/full/!200,200/0/default.jpg",https://api.nga.gov/iiif/2ed20848-64ef-47ed-b826-540d3d1d224f,Sketch of a Woman,Jean-Louis Forain,"Forain, Jean-Louis",1885/1890,1885.0,1890.0,1876 to 1900,pastel on canvas,Painting,,painting,1943.3.26,5639,6864,,"Forain, Jean-Louis",French,French,1852.0,1931.0,Impressionist,figure,/kaggle/working/nga_images/3238.jpg
34143,37619c15-3bf8-40ab-b11c-d218445bda62,"https://api.nga.gov/iiif/37619c15-3bf8-40ab-b11c-d218445bda62/full/!200,200/0/default.jpg",https://api.nga.gov/iiif/37619c15-3bf8-40ab-b11c-d218445bda62,Portrait of a Lady,Maria Verelst,"Verelst, Maria","c. 1715/1730, perhaps close to 1725",1715.0,1730.0,1701 to 1725,oil on canvas,Painting,,painting,1947.17.95,5132,6800,,"Verelst, Maria",Dutch,Dutch,1680.0,1744.0,,portrait,/kaggle/working/nga_images/34143.jpg
34163,9b390c82-01dd-4538-94fb-9091e489e17f,"https://api.nga.gov/iiif/9b390c82-01dd-4538-94fb-9091e489e17f/full/!200,200/0/default.jpg",https://api.nga.gov/iiif/9b390c82-01dd-4538-94fb-9091e489e17f,Portrait of an Old Man,Alphonse Legros,"Legros, Alphonse",,1837.0,1911.0,1826 to 1850,oil on canvas,Painting,,painting,1947.19.1,3492,4315,,"Legros, Alphonse",French,French,1837.0,1911.0,Realist,portrait,/kaggle/working/nga_images/34163.jpg
35083,b5420e70-c513-436f-aff4-2369dc7350f5,"https://api.nga.gov/iiif/b5420e70-c513-436f-aff4-2369dc7350f5/full/!200,200/0/default.jpg",https://api.nga.gov/iiif/b5420e70-c513-436f-aff4-2369dc7350f5,Head of a Young Girl,Auguste Renoir,"Renoir, Auguste",c. 1890,1890.0,1890.0,1876 to 1900,oil on canvas,Painting,,painting,1948.18.1,5875,7674,,"Renoir, Auguste",French,French,1841.0,1919.0,Impressionist,figure,/kaggle/working/nga_images/35083.jpg
35093,3f06ff12-3da9-499e-976e-5f2361f7e2ff,"https://api.nga.gov/iiif/3f06ff12-3da9-499e-976e-5f2361f7e2ff/full/!200,200/0/default.jpg",https://api.nga.gov/iiif/3f06ff12-3da9-499e-976e-5f2361f7e2ff,The Bather,Jean-François Millet,"Millet, Jean-François",1846/1848,1846.0,1848.0,1826 to 1850,oil on wood,Painting,,painting,1949.1.9,5757,4444,,"Millet, Jean-François",French,French,1814.0,1875.0,Realist,figure,/kaggle/working/nga_images/35093.jpg
37008,12ab44f6-fc2a-448b-8580-5953c7bb3957,"https://api.nga.gov/iiif/12ab44f6-fc2a-448b-8580-5953c7bb3957/full/!200,200/0/default.jpg",https://api.nga.gov/iiif/12ab44f6-fc2a-448b-8580-5953c7bb3957,Head of a Man with Upturned Eyes,Alphonse Legros,"Legros, Alphonse",,1837.0,1911.0,1826 to 1850,oil on canvas,Painting,,painting,1949.13.1,3386,4831,,"Legros, Alphonse",French,French,1837.0,1911.0,Realist,figure,/kaggle/working/nga_images/37008.jpg
41594,9c7a8e0c-8e74-492a-9860-f118ce9af68e,"https://api.nga.gov/iiif/9c7a8e0c-8e74-492a-9860-f118ce9af68e/full/!200,200/0/default.jpg",https://api.nga.gov/iiif/9c7a8e0c-8e74-492a-9860-f118ce9af68e,Venus Blindfolding Cupid,Workshop or Follower of Titian,"Titian, Workshop or Follower of",c. 1566/1570 or c. 1576/1580,1566.0,1580.0,1551 to 1600,oil on canvas,Painting,,painting,1952.2.12,5691,7204,,Italian 16th Century,Italian,Italian,1500.0,1599.0,Renaissance,portrait,/kaggle/working/nga_images/41594.jpg
41609,efa34041-8d2e-400b-a478-1a85b84d3a97,"https://api.nga.gov/iiif/efa34041-8d2e-400b-a478-1a85b84d3a97/full/!200,200/0/default.jpg",https://api.nga.gov/iiif/efa34041-8d2e-400b-a478-1a85b84d3a97,Fantastic Landscape with Figures,Emilian 16th Century,Emilian 16th Century,late 16th century,1550.0,1599.0,1501 to 1550,oil on canvas,Painting,,painting,1952.4.1,6241,4722,,Emilian 16th Century,Italian,Italian,1500.0,1599.0,Renaissance,secular,/kaggle/working/nga_images/41609.jpg
41681,85bacc8a-0532-4156-8062-020e2f9afaa1,"https://api.nga.gov/iiif/85bacc8a-0532-4156-8062-020e2f9afaa1/full/!200,200/0/default.jpg",https://api.nga.gov/iiif/85bacc8a-0532-4156-8062-020e2f9afaa1,Portrait of a Young Lady,Follower of Leonardo da Vinci,"Leonardo da Vinci, Follower of",c. 1500,1500.0,1500.0,1401 to 1500,oil on panel transferred to hardboard,Painting,,painting,1952.5.66,2236,3126,,Anonymous Artist,Unknown,Other,,,Renaissance,portrait,/kaggle/working/nga_images/41681.jpg
42284,5ffc2941-3436-4918-b77a-f8e95ec6a1df,"https://api.nga.gov/iiif/5ffc2941-3436-4918-b77a-f8e95ec6a1df/full/!200,200/0/default.jpg",https://api.nga.gov/iiif/5ffc2941-3436-4918-b77a-f8e95ec6a1df,Portrait of a Lady,Edouard Manet,"Manet, Edouard",c. 1879,1879.0,1879.0,1876 to 1900,oil on wood,Painting,,painting,1952.9.1,8861,11558,,"Manet, Edouard",French,French,1832.0,1883.0,Impressionist,portrait,/kaggle/working/nga_images/42284.jpg
42911,32ec389b-425d-46bd-8271-e465313cf46b,"https://api.nga.gov/iiif/32ec389b-425d-46bd-8271-e465313cf46b/full/!200,200/0/default.jpg",https://api.nga.gov/iiif/32ec389b-425d-46bd-8271-e465313cf46b,Portrait of a Lady,Follower of Louis Michel Van Loo,"Van Loo, Louis Michel, Follower of",18th century,1700.0,1799.0,1651 to 1700,oil on canvas,Painting,,painting,1953.13.1,3579,4374,,Anonymous Artist,Unknown,Other,,,Rococo,portrait,/kaggle/working/nga_images/42911.jpg
46559,e6bf3533-0480-4087-b10a-974116c01d5f,"https://api.nga.gov/iiif/e6bf3533-0480-4087-b10a-974116c01d5f/full/!200,200/0/default.jpg",https://api.nga.gov/iiif/e6bf3533-0480-4087-b10a-974116c01d5f,Nude with Red Hair,George Bellows,"Bellows, George",1920,1920.0,1920.0,1901 to 1925,oil on canvas,Painting,,painting,1963.10.84,4739,6179,,"Bellows, George",American,American,1882.0,1925.0,Realist,figure,/kaggle/working/nga_images/46559.jpg
46052,7c4ce310-5245-47c0-bf73-e47453a0edf5,"https://api.nga.gov/iiif/7c4ce310-5245-47c0-bf73-e47453a0edf5/full/!200,200/0/default.jpg",https://api.nga.gov/iiif/7c4ce310-5245-47c0-bf73-e47453a0edf5,Portrait of a Young Woman,after Jean-Marc Nattier,"Nattier, after Jean-Marc",1750/1760,1750.0,1760.0,1726 to 1750,oil on canvas,Painting,,painting,1960.6.28,3750,4728,,Anonymous Artist,Unknown,Other,,,Rococo,portrait,/kaggle/working/nga_images/46052.jpg
46095,b8bc7ebd-04f2-4784-975c-75d58731eea5,"https://api.nga.gov/iiif/b8bc7ebd-04f2-4784-975c-75d58731eea5/full/!200,200/0/default.jpg",https://api.nga.gov/iiif/b8bc7ebd-04f2-4784-975c-75d58731eea5,Portrait of a Lady with a Ruff,Michiel van Miereveld,"Miereveld, Michiel van",1638,1638.0,1638.0,1601 to 1650,oil on panel,Painting,,painting,1961.5.4,5832,7198,,"Miereveld, Michiel van",Dutch,Dutch,1567.0,1641.0,Baroque,portrait,/kaggle/working/nga_images/46095.jpg
46117,b819b875-9d41-42f4-893a-0b0637c1cab2,"https://api.nga.gov/iiif/b819b875-9d41-42f4-893a-0b0637c1cab2/full/!200,200/0/default.jpg",https://api.nga.gov/iiif/b819b875-9d41-42f4-893a-0b0637c1cab2,Portrait of a Young Man,French 18th Century,French 18th Century,possibly c. 1770,1770.0,1770.0,1751 to 1775,oil on canvas,Painting,,painting,1961.9.18,3655,4444,,French 18th Century,French,French,1700.0,1799.0,Rococo,figure,/kaggle/working/nga_images/46117.jpg
46473,2f51e60e-a401-4891-9e15-4127206e50d4,"https://api.nga.gov/iiif/2f51e60e-a401-4891-9e15-4127206e50d4/full/!200,200/0/default.jpg",https://api.nga.gov/iiif/2f51e60e-a401-4891-9e15-4127206e50d4,Agrippina and Germanicus,Sir Peter Paul Rubens,"Rubens, Peter Paul, Sir",c. 1614,1614.0,1614.0,1601 to 1650,oil on panel,Painting,,painting,1963.8.1,8984,10522,,"Rubens, Peter Paul, Sir",Flemish,Flemish,1577.0,1640.0,Baroque,portrait,
46482,2af9c50c-0aab-41ef-999a-1ab213713b39,"https://api.nga.gov/iiif/2af9c50c-0aab-41ef-999a-1ab213713b39/full/!200,200/0/default.jpg",https://api.nga.gov/iiif/2af9c50c-0aab-41ef-999a-1ab213713b39,Portrait of an Elderly Lady,Mary Cassatt,"Cassatt, Mary",c. 1887,1887.0,1887.0,1876 to 1900,oil on canvas,Painting,,painting,1963.10.7,12480,15232,,"Cassatt, Mary",American,American,1844.0,1926.0,Impressionist,portrait,/kaggle/working/nga_images/46482.jpg
46504,5c1ef162-331d-40b1-b477-8efe252fef04,"https://api.nga.gov/iiif/5c1ef162-331d-40b1-b477-8efe252fef04/full/!200,200/0/default.jpg",https://api.nga.gov/iiif/5c1ef162-331d-40b1-b477-8efe252fef04,Nude Warrior with a Spear,Théodore Gericault,"Gericault, Théodore",c. 1816,1816.0,1816.0,1801 to 1825,oil on canvas,Painting,,painting,1963.10.29,4647,5880,,"Gericault, Théodore",French,French,1791.0,1824.0,Romantic,figure,/kaggle/working/nga_images/46504.jpg
46535,38b5d6d9-acd5-4a0b-bd88-0ece50cb989b,"https://api.nga.gov/iiif/38b5d6d9-acd5-4a0b-bd88-0ece50cb989b/full/!200,200/0/default.jpg",https://api.nga.gov/iiif/38b5d6d9-acd5-4a0b-bd88-0ece50cb989b,Suzanne Valadon,Auguste Renoir,"Renoir, Auguste",c. 1885,1885.0,1885.0,1876 to 1900,oil on canvas,Painting,,painting,1963.10.60,4375,5768,,"Renoir, Auguste",French,French,1841.0,1919.0,Impressionist,figure,/kaggle/working/nga_images/46535.jpg
46589,28b9e23a-3c0d-4e93-8349-b1aae8f87aee,"https://api.nga.gov/iiif/28b9e23a-3c0d-4e93-8349-b1aae8f87aee/full/!200,200/0/default.jpg",https://api.nga.gov/iiif/28b9e23a-3c0d-4e93-8349-b1aae8f87aee,A Young Woman Reading,Gustave Courbet,"Courbet, Gustave",c. 1866/1868,1866.0,1868.0,1851 to 1875,oil on canvas,Painting,,painting,1963.10.114,7248,5903,,"Courbet, Gustave",French,French,1819.0,1877.0,Realist,figure,/kaggle/working/nga_images/46589.jpg
47181,ea9fcb4e-35ef-4ddb-845e-c7388f603fde,"https://api.nga.gov/iiif/ea9fcb4e-35ef-4ddb-845e-c7388f603fde/full/!200,200/0/default.jpg",https://api.nga.gov/iiif/ea9fcb4e-35ef-4ddb-845e-c7388f603fde,Portrait of a Gentleman Netting Partridges,Arthur Devis,"Devis, Arthur",1756,1756.0,1756.0,1751 to 1775,oil on canvas,Painting,,painting,1964.2.3,7076,5399,,"Devis, Arthur",British,British,1712.0,1787.0,,portrait,/kaggle/working/nga_images/47181.jpg
50311,4483a49a-e043-46e7-9a3a-982050e121cc,"https://api.nga.gov/iiif/4483a49a-e043-46e7-9a3a-982050e121cc/full/!200,200/0/default.jpg",https://api.nga.gov/iiif/4483a49a-e043-46e7-9a3a-982050e121cc,The Sioux Chief with Several Indians,George Catlin,"Catlin, George",1861/1869,1861.0,1869.0,1851 to 1875,oil on card mounted on paperboard,Painting,,painting,1965.16.3,6066,4713,,"Catlin, George",American,American,1796.0,1872.0,,portrait,/kaggle/working/nga_images/50311.jpg
50328,8eea98bf-dd2a-4173-9900-385591c4f0ff,"https://api.nga.gov/iiif/8eea98bf-dd2a-4173-9900-385591c4f0ff/full/!200,200/0/default.jpg",https://api.nga.gov/iiif/8eea98bf-dd2a-4173-9900-385591c4f0ff,Distinguished Crow Indians,George Catlin,"Catlin, George",1861/1869,1861.0,1869.0,1851 to 1875,oil on card mounted on paperboard,Painting,,painting,1965.16.20,7631,5984,,"Catlin, George",American,American,1796.0,1872.0,,portrait,/kaggle/working/nga_images/50328.jpg
50340,633ca099-eb0e-4651-a4e3-9b05fbdde60c,"https://api.nga.gov/iiif/633ca099-eb0e-4651-a4e3-9b05fbdde60c/full/!200,200/0/default.jpg",https://api.nga.gov/iiif/633ca099-eb0e-4651-a4e3-9b05fbdde60c,Assinneboine Warrior and His Family,George Catlin,"Catlin, George",1861/1869,1861.0,1869.0,1851 to 1875,oil on card mounted on paperboard,Painting,,painting,1965.16.32,6456,5016,,"Catlin, George",American,American,1796.0,1872.0,,portrait,/kaggle/working/nga_images/50340.jpg
50341,b59155bb-b8cc-464f-ae7e-2f27cb50ca3f,"https://api.nga.gov/iiif/b59155bb-b8cc-464f-ae7e-2f27cb50ca3f/full/!200,200/0/default.jpg",https://api.nga.gov/iiif/b59155bb-b8cc-464f-ae7e-2f27cb50ca3f,Assinneboine Chief before and after Civilization,George Catlin,"Catlin, George",1861/1869,1861.0,1869.0,1851 to 1875,oil on card mounted on paperboard,Painting,,painting,1965.16.33,7665,5993,,"Catlin, George",American,American,1796.0,1872.0,,portrait,/kaggle/working/nga_images/50341.jpg
50342,e19bf560-c32b-40cd-b3b0-b0cd76d1dbaa,"https://api.nga.gov/iiif/e19bf560-c32b-40cd-b3b0-b0cd76d1dbaa/full/!200,200/0/default.jpg",https://api.nga.gov/iiif/e19bf560-c32b-40cd-b3b0-b0cd76d1dbaa,Two Nezperce Warriors and a Boy,George Catlin,"Catlin, George",1855/1869,1855.0,1869.0,1851 to 1875,oil on card mounted on paperboard,Painting,,painting,1965.16.34,6370,4953,,"Catlin, George",American,American,1796.0,1872.0,,portrait,/kaggle/working/nga_images/50342.jpg
50356,bde7e0a1-6ef1-4c60-bb79-11f1775ab792,"https://api.nga.gov/iiif/bde7e0a1-6ef1-4c60-bb79-11f1775ab792/full/!200,200/0/default.jpg",https://api.nga.gov/iiif/bde7e0a1-6ef1-4c60-bb79-11f1775ab792,Camanchee Chief with Three Warriors,George Catlin,"Catlin, George",1861/1869,1861.0,1869.0,1851 to 1875,oil on card mounted on paperboard,Painting,,painting,1965.16.48,6405,4979,,"Catlin, George",American,American,1796.0,1872.0,,portrait,/kaggle/working/nga_images/50356.jpg
50364,9555b8f1-32a6-4dc6-945a-33a5833d4606,"https://api.nga.gov/iiif/9555b8f1-32a6-4dc6-945a-33a5833d4606/full/!200,200/0/default.jpg",https://api.nga.gov/iiif/9555b8f1-32a6-4dc6-945a-33a5833d4606,"Pawneepict Chief, Two Daughters, and a Warrior",George Catlin,"Catlin, George",1861/1869,1861.0,1869.0,1851 to 1875,oil on card mounted on paperboard,Painting,,painting,1965.16.56,6317,4987,,"Catlin, George",American,American,1796.0,1872.0,,portrait,/kaggle/working/nga_images/50364.jpg
50368,061cc5a5-8586-434a-bdc0-bb65e584568f,"https://api.nga.gov/iiif/061cc5a5-8586-434a-bdc0-bb65e584568f/full/!200,200/0/default.jpg",https://api.nga.gov/iiif/061cc5a5-8586-434a-bdc0-bb65e584568f,Pawnee Indians,George Catlin,"Catlin, George",1861/1869,1861.0,1869.0,1851 to 1875,oil on card mounted on paperboard,Painting,,painting,1965.16.60,10766,8467,,"Catlin, George",American,American,1796.0,1872.0,,portrait,/kaggle/working/nga_images/50368.jpg
50377,e73b6e72-5ed9-46ff-a55f-c5074804854f,"https://api.nga.gov/iiif/e73b6e72-5ed9-46ff-a55f-c5074804854f/full/!200,200/0/default.jpg",https://api.nga.gov/iiif/e73b6e72-5ed9-46ff-a55f-c5074804854f,Osage Indians,George Catlin,"Catlin, George",1861/1869,1861.0,1869.0,1851 to 1875,oil on card mounted on paperboard,Painting,,painting,1965.16.69,6386,4972,,"Catlin, George",American,American,1796.0,1872.0,,portrait,/kaggle/working/nga_images/50377.jpg
50383,f1e5a21b-263b-432f-85ba-903f19496b6c,"https://api.nga.gov/iiif/f1e5a21b-263b-432f-85ba-903f19496b6c/full/!200,200/0/default.jpg",https://api.nga.gov/iiif/f1e5a21b-263b-432f-85ba-903f19496b6c,"Mandan Civil Chief, His Wife, and Child",George Catlin,"Catlin, George",1861/1869,1861.0,1869.0,1851 to 1875,oil on card mounted on paperboard,Painting,,painting,1965.16.75,6265,4934,,"Catlin, George",American,American,1796.0,1872.0,,portrait,/kaggle/working/nga_images/50383.jpg
50386,a774ed82-89cf-4173-a89b-b684dd40eecb,"https://api.nga.gov/iiif/a774ed82-89cf-4173-a89b-b684dd40eecb/full/!200,200/0/default.jpg",https://api.nga.gov/iiif/a774ed82-89cf-4173-a89b-b684dd40eecb,Riccarree Chief and His Wife,George Catlin,"Catlin, George",1861/1869,1861.0,1869.0,1851 to 1875,oil on card mounted on paperboard,Painting,,painting,1965.16.78,6302,4921,,"Catlin, George",American,American,1796.0,1872.0,,portrait,/kaggle/working/nga_images/50386.jpg
50401,2aa7e330-30c9-4a53-a8fe-a40c63e323cf,"https://api.nga.gov/iiif/2aa7e330-30c9-4a53-a8fe-a40c63e323cf/full/!200,200/0/default.jpg",https://api.nga.gov/iiif/2aa7e330-30c9-4a53-a8fe-a40c63e323cf,Ojibbeway Indians,George Catlin,"Catlin, George",1861/1869,1861.0,1869.0,1851 to 1875,oil on card mounted on paperboard,Painting,,painting,1965.16.93,6247,4991,,"Catlin, George",American,American,1796.0,1872.0,,portrait,/kaggle/working/nga_images/50401.jpg
50404,ae4ebe90-eed0-47be-bbc3-c4d191ceaf2c,"https://api.nga.gov/iiif/ae4ebe90-eed0-47be-bbc3-c4d191ceaf2c/full/!200,200/0/default.jpg",https://api.nga.gov/iiif/ae4ebe90-eed0-47be-bbc3-c4d191ceaf2c,Two Saukie Chiefs and a Woman,George Catlin,"Catlin, George",1861/1869,1861.0,1869.0,1851 to 1875,oil on card mounted on paperboard,Painting,,painting,1965.16.96,6267,4936,,"Catlin, George",American,American,1796.0,1872.0,,portrait,/kaggle/working/nga_images/50404.jpg
50405,59a6d410-ee64-4724-94a5-0aaddf8802d0,"https://api.nga.gov/iiif/59a6d410-ee64-4724-94a5-0aaddf8802d0/full/!200,200/0/default.jpg",https://api.nga.gov/iiif/59a6d410-ee64-4724-94a5-0aaddf8802d0,The Running Fox on a Fine Horse - Saukie,George Catlin,"Catlin, George",1861/1869,1861.0,1869.0,1851 to 1875,oil on card mounted on paperboard,Painting,,painting,1965.16.97,6295,4917,,"Catlin, George",American,American,1796.0,1872.0,,portrait,/kaggle/working/nga_images/50405.jpg
50408,95016c67-ce35-4459-ae97-781ead08d167,"https://api.nga.gov/iiif/95016c67-ce35-4459-ae97-781ead08d167/full/!200,200/0/default.jpg",https://api.nga.gov/iiif/95016c67-ce35-4459-ae97-781ead08d167,Two Ottoe Chiefs and a Woman,George Catlin,"Catlin, George",1861/1869,1861.0,1869.0,1851 to 1875,oil on card mounted on paperboard,Painting,,painting,1965.16.100,6020,4800,,"Catlin, George",American,American,1796.0,1872.0,,portrait,/kaggle/working/nga_images/50408.jpg
50414,70641e6c-f2c4-4018-8dde-9ca3c903c025,"https://api.nga.gov/iiif/70641e6c-f2c4-4018-8dde-9ca3c903c025/full/!200,200/0/default.jpg",https://api.nga.gov/iiif/70641e6c-f2c4-4018-8dde-9ca3c903c025,Puncah Chief Surrounded by His Family,George Catlin,"Catlin, George",1861/1869,1861.0,1869.0,1851 to 1875,oil on card mounted on paperboard,Painting,,painting,1965.16.106,6061,4765,,"Catlin, George",American,American,1796.0,1872.0,,portrait,/kaggle/working/nga_images/50414.jpg
50427,40657d7e-9d68-4a7a-a243-9c0a6f8f186f,"https://api.nga.gov/iiif/40657d7e-9d68-4a7a-a243-9c0a6f8f186f/full/!200,200/0/default.jpg",https://api.nga.gov/iiif/40657d7e-9d68-4a7a-a243-9c0a6f8f186f,Osceola and Four Seminolee Indians,George Catlin,"Catlin, George",1861/1869,1861.0,1869.0,1851 to 1875,oil on card mounted on paperboard,Painting,,painting,1965.16.119,7654,5978,,"Catlin, George",American,American,1796.0,1872.0,,portrait,/kaggle/working/nga_images/50427.jpg
50457,0a9e2730-388a-43c6-8713-e61f766e2f92,"https://api.nga.gov/iiif/0a9e2730-388a-43c6-8713-e61f766e2f92/full/!200,200/0/default.jpg",https://api.nga.gov/iiif/0a9e2730-388a-43c6-8713-e61f766e2f92,Flathead Indians,George Catlin,"Catlin, George",1861,1861.0,1861.0,1851 to 1875,oil on card mounted on paperboard,Painting,,painting,1965.16.149,7560,5763,,"Catlin, George",American,American,1796.0,1872.0,,genre,/kaggle/working/nga_images/50457.jpg
50458,a22cc20b-5dac-46b3-a2de-1a51bccbe266,"https://api.nga.gov/iiif/a22cc20b-5dac-46b3-a2de-1a51bccbe266/full/!200,200/0/default.jpg",https://api.nga.gov/iiif/a22cc20b-5dac-46b3-a2de-1a51bccbe266,Four Flathead Indians,George Catlin,"Catlin, George",1855/1869,1855.0,1869.0,1851 to 1875,oil on card mounted on paperboard,Painting,,painting,1965.16.150,7711,5984,,"Catlin, George",American,American,1796.0,1872.0,,portrait,/kaggle/working/nga_images/50458.jpg
50459,1df1e604-3a6a-4427-a6a0-9f16a58581b3,"https://api.nga.gov/iiif/1df1e604-3a6a-4427-a6a0-9f16a58581b3/full/!200,200/0/default.jpg",https://api.nga.gov/iiif/1df1e604-3a6a-4427-a6a0-9f16a58581b3,A Flathead Chief with His Family,George Catlin,"Catlin, George",1855/1869,1855.0,1869.0,1851 to 1875,oil on card mounted on paperboard,Painting,,painting,1965.16.151,7658,6000,,"Catlin, George",American,American,1796.0,1872.0,,portrait,/kaggle/working/nga_images/50459.jpg
50495,36e15572-a551-4c53-8892-cbf7b46e844d,"https://api.nga.gov/iiif/36e15572-a551-4c53-8892-cbf7b46e844d/full/!200,200/0/default.jpg",https://api.nga.gov/iiif/36e15572-a551-4c53-8892-cbf7b46e844d,Making Flint Arrowheads - Apachees,George Catlin,"Catlin, George",1855/1869,1855.0,1869.0,1851 to 1875,oil on card mounted on paperboard,Painting,,painting,1965.16.187,7640,5956,,"Catlin, George",American,American,1796.0,1872.0,,genre,/kaggle/working/nga_images/50495.jpg
50619,30151967-18ae-40c7-bfc7-ef1f41713eb8,"https://api.nga.gov/iiif/30151967-18ae-40c7-bfc7-ef1f41713eb8/full/!200,200/0/default.jpg",https://api.nga.gov/iiif/30151967-18ae-40c7-bfc7-ef1f41713eb8,Chief and Members of the Konza Tribe,George Catlin,"Catlin, George",1861/1869,1861.0,1869.0,1851 to 1875,oil on card mounted on paperboard,Painting,,painting,1965.16.311,10942,8590,,"Catlin, George",American,American,1796.0,1872.0,,portrait,/kaggle/working/nga_images/50619.jpg
50621,ff94144a-c675-48e2-8447-2eede974a7fd,"https://api.nga.gov/iiif/ff94144a-c675-48e2-8447-2eede974a7fd/full/!200,200/0/default.jpg",https://api.nga.gov/iiif/ff94144a-c675-48e2-8447-2eede974a7fd,"Omaha Chief, His Wife, and a Warrior",George Catlin,"Catlin, George",1861,1861.0,1861.0,1851 to 1875,oil on card mounted on paperboard,Painting,,painting,1965.16.313,10911,8568,,"Catlin, George",American,American,1796.0,1872.0,,portrait,/kaggle/working/nga_images/50621.jpg
50655,976516e2-138f-4a15-9eb1-301c001dcaee,"https://api.nga.gov/iiif/976516e2-138f-4a15-9eb1-301c001dcaee/full/!200,200/0/default.jpg",https://api.nga.gov/iiif/976516e2-138f-4a15-9eb1-301c001dcaee,"The White Cloud, Head Chief of the Iowas",George Catlin,"Catlin, George",1844/1845,1844.0,1845.0,1826 to 1850,oil on canvas,Painting,,painting,1965.16.347,12921,15800,,"Catlin, George",American,American,1796.0,1872.0,,portrait,/kaggle/working/nga_images/50655.jpg
52228,8c0e57ec-5ee8-4fff-b303-6e34da2dc494,"https://api.nga.gov/iiif/8c0e57ec-5ee8-4fff-b303-6e34da2dc494/full/!200,200/0/default.jpg",https://api.nga.gov/iiif/8c0e57ec-5ee8-4fff-b303-6e34da2dc494,The Artist's Dog Flèche,Henri de Toulouse-Lautrec,"Toulouse-Lautrec, Henri de",c. 1881,1881.0,1881.0,1876 to 1900,oil on wood,Painting,,painting,1970.17.84,6333,10661,,"Toulouse-Lautrec, Henri de",French,French,1864.0,1901.0,Post-Impressionist,animal,/kaggle/working/nga_images/52228.jpg
53140,12fe2768-f444-4d16-a86b-1ddc5bd01423,"https://api.nga.gov/iiif/12fe2768-f444-4d16-a86b-1ddc5bd01423/full/!200,200/0/default.jpg",https://api.nga.gov/iiif/12fe2768-f444-4d16-a86b-1ddc5bd01423,Lady with a Dog,Henri de Toulouse-Lautrec,"Toulouse-Lautrec, Henri de",1891,1891.0,1891.0,1876 to 1900,oil on cardboard,Painting,,painting,1972.9.22,5650,7453,,"Toulouse-Lautrec, Henri de",French,French,1864.0,1901.0,Post-Impressionist,portrait,/kaggle/working/nga_images/53140.jpg
56394,ae178e46-9ba2-42d7-9da9-2b4ef49295c1,"https://api.nga.gov/iiif/ae178e46-9ba2-42d7-9da9-2b4ef49295c1/full/!200,200/0/default.jpg",https://api.nga.gov/iiif/ae178e46-9ba2-42d7-9da9-2b4ef49295c1,Lady Borlase,Gerard Soest,"Soest, Gerard",c. 1672/1675,1672.0,1675.0,1651 to 1700,oil on canvas,Painting,,painting,1977.63.1,5479,6928,,"Soest, Gerard",Dutch,Dutch,1601.0,1681.0,Baroque,portrait,
57457,1837f815-beca-415c-82ef-d752fdb9e8fc,"https://api.nga.gov/iiif/1837f815-beca-415c-82ef-d752fdb9e8fc/full/!200,200/0/default.jpg",https://api.nga.gov/iiif/1837f815-beca-415c-82ef-d752fdb9e8fc,Lady Cunliffe,John Hoppner,"Hoppner, John",1781/1782,1781.0,1782.0,1776 to 1800,oil on canvas,Painting,,painting,1979.65.1,5580,6750,,"Hoppner, John",British,British,1758.0,1810.0,,portrait,/kaggle/working/nga_images/57457.jpg
57458,372b95ba-9504-40ec-95db-fcef6d383755,"https://api.nga.gov/iiif/372b95ba-9504-40ec-95db-fcef6d383755/full/!200,200/0/default.jpg",https://api.nga.gov/iiif/372b95ba-9504-40ec-95db-fcef6d383755,Two Nudes [obverse],Ernst Ludwig Kirchner,"Kirchner, Ernst Ludwig",1907,1907.0,1907.0,1901 to 1925,oil on canvas,Painting,,painting,1979.66.1.a,1753,5263,,"Kirchner, Ernst Ludwig",German,German,1880.0,1938.0,German Expressionist,figure,/kaggle/working/nga_images/57458.jpg
72165,c48960dd-ffe9-4602-9b5e-68802f699053,"https://api.nga.gov/iiif/c48960dd-ffe9-4602-9b5e-68802f699053/full/!200,200/0/default.jpg",https://api.nga.gov/iiif/c48960dd-ffe9-4602-9b5e-68802f699053,The Chaperone,Thomas Eakins,"Eakins, Thomas",c. 1908,1908.0,1908.0,1901 to 1925,oil on canvas,Painting,,painting,1991.34.1,5231,6836,,"Eakins, Thomas",American,American,1844.0,1916.0,Realist,figure,/kaggle/working/nga_images/72165.jpg
75181,50755f47-e0c6-434f-95e4-9e6a69a89d38,"https://api.nga.gov/iiif/50755f47-e0c6-434f-95e4-9e6a69a89d38/full/!200,200/0/default.jpg",https://api.nga.gov/iiif/50755f47-e0c6-434f-95e4-9e6a69a89d38,The Favorite of the Emir,Jean Joseph Benjamin Constant,"Constant, Jean Joseph Benjamin",c. 1879,1879.0,1879.0,1876 to 1900,oil on canvas,Painting,,painting,2010.95.1,25038,15849,,"Constant, Jean Joseph Benjamin",French,French,1845.0,1902.0,,genre,/kaggle/working/nga_images/75181.jpg
86204,79c594fc-f6f8-4ecd-ba93-18820036cadb,"https://api.nga.gov/iiif/79c594fc-f6f8-4ecd-ba93-18820036cadb/full/!200,200/0/default.jpg",https://api.nga.gov/iiif/79c594fc-f6f8-4ecd-ba93-18820036cadb,Youth Making a Face,Adriaen Brouwer,"Brouwer, Adriaen",c. 1632/1635,1632.0,1635.0,1601 to 1650,oil on panel,Painting,,painting,1994.46.1,4186,5461,,"Brouwer, Adriaen",Flemish,Flemish,1605.0,1638.0,Baroque,genre,/kaggle/working/nga_images/86204.jpg
89604,52861079-890d-4496-8f50-a36c7304174f,"https://api.nga.gov/iiif/52861079-890d-4496-8f50-a36c7304174f/full/!200,200/0/default.jpg",https://api.nga.gov/iiif/52861079-890d-4496-8f50-a36c7304174f,Misse and Luttine,Jean-Baptiste Oudry,"Oudry, Jean-Baptiste",1729,1729.0,1729.0,1726 to 1750,oil on canvas,Painting,,painting,1994.53.1,17968,13345,,"Oudry, Jean-Baptiste",French,French,1686.0,1755.0,Rococo,animal,/kaggle/working/nga_images/89604.jpg
92988,5af60021-4d26-4879-9017-6fd88e043469,"https://api.nga.gov/iiif/5af60021-4d26-4879-9017-6fd88e043469/full/!200,200/0/default.jpg",https://api.nga.gov/iiif/5af60021-4d26-4879-9017-6fd88e043469,Nude,William Merritt Chase,"Chase, William Merritt",c. 1901,1901.0,1901.0,1901 to 1925,oil on canvas,Painting,,painting,1995.47.1,5299,6712,,"Chase, William Merritt",American,American,1849.0,1916.0,Impressionist,figure,/kaggle/working/nga_images/92988.jpg
93322,c6847a6c-8a40-41e3-b639-3df1ce6b222b,"https://api.nga.gov/iiif/c6847a6c-8a40-41e3-b639-3df1ce6b222b/full/!200,200/0/default.jpg",https://api.nga.gov/iiif/c6847a6c-8a40-41e3-b639-3df1ce6b222b,Head of a Young Boy,Attributed to Jan de Bray,"Bray, Jan de, Attributed to",c. 1650,1650.0,1650.0,1601 to 1650,oil on copper,Painting,,painting,1995.74.1,3350,4226,,"Bray, Jan de",Dutch,Dutch,1627.0,1688.0,Baroque,portrait,/kaggle/working/nga_images/93322.jpg
106946,0290c78e-7432-48f6-889a-378e9862fe15,"https://api.nga.gov/iiif/0290c78e-7432-48f6-889a-378e9862fe15/full/!200,200/0/default.jpg",https://api.nga.gov/iiif/0290c78e-7432-48f6-889a-378e9862fe15,Bust of a Bearded Man,Gerrit Dou,"Dou, Gerrit",c. 1642/1645,1642.0,1645.0,1601 to 1650,oil on panel,Painting,,painting,2014.136.32,4463,5534,,"Dou, Gerrit",Dutch,Dutch,1613.0,1675.0,Baroque,figure,/kaggle/working/nga_images/106946.jpg
108382,3c84677d-13b9-4a27-a3ca-2e6705bdd4f0,"https://api.nga.gov/iiif/3c84677d-13b9-4a27-a3ca-2e6705bdd4f0/full/!200,200/0/default.jpg",https://api.nga.gov/iiif/3c84677d-13b9-4a27-a3ca-2e6705bdd4f0,Study of Lilia,Carolus-Duran,Carolus-Duran,1887,1887.0,1887.0,1876 to 1900,oil on canvas,Painting,,painting,1999.45.1,12167,14682,,Carolus-Duran,French,French,1837.0,1917.0,,portrait,/kaggle/working/nga_images/108382.jpg
121097,26af0947-66b6-4a70-bd05-823551f47bce,"https://api.nga.gov/iiif/26af0947-66b6-4a70-bd05-823551f47bce/full/!200,200/0/default.jpg",https://api.nga.gov/iiif/26af0947-66b6-4a70-bd05-823551f47bce,Bathers,Otto Mueller,"Mueller, Otto",1916/1917,1916.0,1917.0,1901 to 1925,distemper on burlap,Painting,,painting,2020.112.3,22494,28645,,"Mueller, Otto",German,German,1874.0,1930.0,German Expressionist,figure,/kaggle/working/nga_images/121097.jpg
121344,72f706d6-0de4-418d-87fa-95dd1c13578c,"https://api.nga.gov/iiif/72f706d6-0de4-418d-87fa-95dd1c13578c/full/!200,200/0/default.jpg",https://api.nga.gov/iiif/72f706d6-0de4-418d-87fa-95dd1c13578c,People by the Blue Lake,August Macke,"Macke, August",1913,1913.0,1913.0,1901 to 1925,oil on canvas,Painting,,painting,2020.112.10,19069,23564,,"Macke, August",German,German,1887.0,1914.0,German Expressionist,figure,/kaggle/working/nga_images/121344.jpg
126127,6985c8d3-954e-44ea-9821-a4809182ae80,"https://api.nga.gov/iiif/6985c8d3-954e-44ea-9821-a4809182ae80/full/!200,200/0/default.jpg",https://api.nga.gov/iiif/6985c8d3-954e-44ea-9821-a4809182ae80,Mississippi Boatman,George Caleb Bingham,"Bingham, George Caleb",1850,1850.0,1850.0,1826 to 1850,oil on canvas,Painting,,painting,2004.66.1,4853,6729,,"Bingham, George Caleb",American,American,1811.0,1879.0,Realist,figure,/kaggle/working/nga_images/126127.jpg
127695,4f95c866-94c7-4b84-b29f-6873321ef55f,"https://api.nga.gov/iiif/4f95c866-94c7-4b84-b29f-6873321ef55f/full/!200,200/0/default.jpg",https://api.nga.gov/iiif/4f95c866-94c7-4b84-b29f-6873321ef55f,George Washington,Gilbert Stuart,"Stuart, Gilbert",c. 1803,1803.0,1803.0,1801 to 1825,oil on canvas,Painting,,painting,2014.136.4,15775,19120,,"Stuart, Gilbert",American,American,1755.0,1828.0,Realist,portrait,/kaggle/working/nga_images/127695.jpg
131993,4829a4e8-22ad-4afc-8980-87cc82cb6cb9,"https://api.nga.gov/iiif/4829a4e8-22ad-4afc-8980-87cc82cb6cb9/full/!200,200/0/default.jpg",https://api.nga.gov/iiif/4829a4e8-22ad-4afc-8980-87cc82cb6cb9,Bearded Man with a Beret,Jan Lievens,"Lievens, Jan",c. 1630,1630.0,1630.0,1601 to 1650,oil on panel,Painting,,painting,2006.172.1,3650,4260,,"Lievens, Jan",Dutch,Dutch,1607.0,1674.0,Baroque,portrait,/kaggle/working/nga_images/131993.jpg
133023,c5ad51e9-e75b-4c88-905d-66917ad1498e,"https://api.nga.gov/iiif/c5ad51e9-e75b-4c88-905d-66917ad1498e/full/!200,200/0/default.jpg",https://api.nga.gov/iiif/c5ad51e9-e75b-4c88-905d-66917ad1498e,Head of an Old Man,Abraham Bloemaert,"Bloemaert, Abraham",,1564.0,1651.0,1551 to 1600,oil on panel,Painting,,painting,2010.93.41,3473,4674,,"Bloemaert, Abraham",Dutch,Dutch,1566.0,1651.0,Baroque,genre,/kaggle/working/nga_images/133023.jpg
136015,e0e0d0b5-e8e4-4b11-93eb-1fa6d3b2ea6c,"https://api.nga.gov/iiif/e0e0d0b5-e8e4-4b11-93eb-1fa6d3b2ea6c/full/!200,200/0/default.jpg",https://api.nga.gov/iiif/e0e0d0b5-e8e4-4b11-93eb-1fa6d3b2ea6c,Two Studies of a Standing Indian from Calcutta,Eugène Delacroix,"Delacroix, Eugène",c. 1823/1824,1823.0,1824.0,1801 to 1825,oil on canvas,Painting,,painting,2006.128.18,4452,3590,,"Delacroix, Eugène",French,French,1798.0,1863.0,Romantic,figure,
136016,08bd3d03-0c33-42b7-af66-6b0ff7fdc64b,"https://api.nga.gov/iiif/08bd3d03-0c33-42b7-af66-6b0ff7fdc64b/full/!200,200/0/default.jpg",https://api.nga.gov/iiif/08bd3d03-0c33-42b7-af66-6b0ff7fdc64b,"Two Studies of an Indian from Calcutta, Seated and Standing",Eugène Delacroix,"Delacroix, Eugène",c. 1823/1824,1823.0,1824.0,1801 to 1825,oil on canvas,Painting,,painting,2006.128.19,4506,3618,,"Delacroix, Eugène",French,French,1798.0,1863.0,Romantic,figure,
142346,763061b5-6de0-4715-ac31-eb7c996ef173,"https://api.nga.gov/iiif/763061b5-6de0-4715-ac31-eb7c996ef173/full/!200,200/0/default.jpg",https://api.nga.gov/iiif/763061b5-6de0-4715-ac31-eb7c996ef173,Young Boy in Profile,Judith Leyster,"Leyster, Judith",c. 1630,1625.0,1635.0,1601 to 1650,oil on panel,Painting,,painting,2009.113.1,3659,3707,,"Leyster, Judith",Dutch,Dutch,1609.0,1660.0,Baroque,portrait,/kaggle/working/nga_images/142346.jpg
151105,0e95a043-6d84-4cef-adf9-60f4084b2a44,"https://api.nga.gov/iiif/0e95a043-6d84-4cef-adf9-60f4084b2a44/full/!200,200/0/default.jpg",https://api.nga.gov/iiif/0e95a043-6d84-4cef-adf9-60f4084b2a44,A Young Man Holding a Staff,Pieter Claesz Soutman,"Soutman, Pieter Claesz",1640,1640.0,1640.0,1601 to 1650,oil on panel,Painting,,painting,2010.19.1,18459,22806,,"Soutman, Pieter Claesz",Dutch,Dutch,1580.0,1657.0,Baroque,figure,/kaggle/working/nga_images/151105.jpg
157924,2a956a8c-a9a5-4567-ab5f-f60a768ed49a,"https://api.nga.gov/iiif/2a956a8c-a9a5-4567-ab5f-f60a768ed49a/full/!200,200/0/default.jpg",https://api.nga.gov/iiif/2a956a8c-a9a5-4567-ab5f-f60a768ed49a,"Lambs, Nantucket",Eastman Johnson,"Johnson, Eastman",1874,1874.0,1874.0,1851 to 1875,oil on board,Painting,,painting,2012.89.3,4768,5718,,"Johnson, Eastman",American,American,1824.0,1906.0,Realist,figure,/kaggle/working/nga_images/157924.jpg
158097,37137e08-b7f8-4dd4-961a-624495e5254b,"https://api.nga.gov/iiif/37137e08-b7f8-4dd4-961a-624495e5254b/full/!200,200/0/default.jpg",https://api.nga.gov/iiif/37137e08-b7f8-4dd4-961a-624495e5254b,Portrait of a Gentleman Wearing a Fancy Ruff,Thomas de Keyser,"Keyser, Thomas de",1627,1627.0,1627.0,1601 to 1650,oil on copper,Painting,,painting,2012.12.1,5718,7233,,"Keyser, Thomas de",Dutch,Dutch,1596.0,1667.0,Baroque,portrait,/kaggle/working/nga_images/158097.jpg
164958,37a979be-f546-4a46-856c-fe23a2350a84,"https://api.nga.gov/iiif/37a979be-f546-4a46-856c-fe23a2350a84/full/!200,200/0/default.jpg",https://api.nga.gov/iiif/37a979be-f546-4a46-856c-fe23a2350a84,Haymakers at Montfermeil,Georges Seurat,"Seurat, Georges",c. 1882,1882.0,1882.0,1876 to 1900,oil on wood,Painting,,painting,2014.18.48,6554,4106,,"Seurat, Georges",French,French,1859.0,1891.0,Impressionist,figure,/kaggle/working/nga_images/164958.jpg
166431,f4e2ffc4-20fe-4a36-8052-12602c4bc15d,"https://api.nga.gov/iiif/f4e2ffc4-20fe-4a36-8052-12602c4bc15d/full/!200,200/0/default.jpg",https://api.nga.gov/iiif/f4e2ffc4-20fe-4a36-8052-12602c4bc15d,Portrait of a Gentleman,Joseph Blackburn,"Blackburn, Joseph",c. 1760,1755.0,1765.0,1751 to 1775,oil on canvas,Painting,,painting,2014.79.7,13458,16850,,"Blackburn, Joseph",British,British,1697.0,1812.0,Realist,figure,/kaggle/working/nga_images/166431.jpg
166440,4addaf18-bdaa-4968-a335-c2a1b508f6da,"https://api.nga.gov/iiif/4addaf18-bdaa-4968-a335-c2a1b508f6da/full/!200,200/0/default.jpg",https://api.nga.gov/iiif/4addaf18-bdaa-4968-a335-c2a1b508f6da,Thomas Amory II,John Singleton Copley,"Copley, John Singleton",c. 1770-1772,1770.0,1772.0,1751 to 1775,oil on canvas,Painting,,painting,2014.79.14,13207,16661,,"Copley, John Singleton",American,American,1738.0,1815.0,Realist,portrait,/kaggle/working/nga_images/166440.jpg
166443,f2bf8097-a60a-4f55-8fe9-9f36f3908dac,"https://api.nga.gov/iiif/f2bf8097-a60a-4f55-8fe9-9f36f3908dac/full/!200,200/0/default.jpg",https://api.nga.gov/iiif/f2bf8097-a60a-4f55-8fe9-9f36f3908dac,Lady with a Mask,Thomas Wilmer Dewing,"Dewing, Thomas Wilmer",1911,1911.0,1911.0,1901 to 1925,oil on canvas,Painting,,painting,2014.79.16,12889,11832,,"Dewing, Thomas Wilmer",American,American,1851.0,1938.0,Realist,figure,/kaggle/working/nga_images/166443.jpg
166447,3a5e73a5-9f7d-41cb-91ce-8598e589fc8c,"https://api.nga.gov/iiif/3a5e73a5-9f7d-41cb-91ce-8598e589fc8c/full/!200,200/0/default.jpg",https://api.nga.gov/iiif/3a5e73a5-9f7d-41cb-91ce-8598e589fc8c,"Francis Basset, Lord de Dunstanville",Thomas Gainsborough,"Gainsborough, Thomas",c. 1786,1781.0,1791.0,1776 to 1800,oil on canvas,Painting,,painting,2014.79.705,18289,22942,,"Gainsborough, Thomas",British,British,1727.0,1788.0,,portrait,/kaggle/working/nga_images/166447.jpg
166448,7132e79c-0d5b-4ed2-b2a3-69ff02885912,"https://api.nga.gov/iiif/7132e79c-0d5b-4ed2-b2a3-69ff02885912/full/!200,200/0/default.jpg",https://api.nga.gov/iiif/7132e79c-0d5b-4ed2-b2a3-69ff02885912,"Frances Susanna, Lady de Dunstanville",Thomas Gainsborough,"Gainsborough, Thomas",c. 1786,1781.0,1791.0,1776 to 1800,oil on canvas,Painting,,painting,2014.79.706,18308,22950,,"Gainsborough, Thomas",British,British,1727.0,1788.0,,portrait,/kaggle/working/nga_images/166448.jpg
166453,9573ae89-ce7b-4500-b999-990c83b830fe,"https://api.nga.gov/iiif/9573ae89-ce7b-4500-b999-990c83b830fe/full/!200,200/0/default.jpg",https://api.nga.gov/iiif/9573ae89-ce7b-4500-b999-990c83b830fe,Abraham Lincoln,George Peter Alexander Healy,"Healy, George Peter Alexander",1860,1860.0,1860.0,1851 to 1875,oil on canvas,Painting,,painting,2014.79.22,13217,15962,,"Healy, George Peter Alexander",American,American,1813.0,1894.0,Realist,portrait,/kaggle/working/nga_images/166453.jpg
166463,48b6e029-9d34-4ed3-957e-36e4252d34d2,"https://api.nga.gov/iiif/48b6e029-9d34-4ed3-957e-36e4252d34d2/full/!200,200/0/default.jpg",https://api.nga.gov/iiif/48b6e029-9d34-4ed3-957e-36e4252d34d2,The House of Representatives,Samuel F. B. Morse,"Morse, Samuel F. B.","1822, probably reworked 1823",1822.0,1822.0,1801 to 1825,oil on canvas,Painting,,painting,2014.79.27,10368,6809,,"Morse, Samuel F. B.",American,American,1791.0,1872.0,Realist,,/kaggle/working/nga_images/166463.jpg
166470,65f8a676-7e7a-4b1d-9e38-569fe9c8b29e,"https://api.nga.gov/iiif/65f8a676-7e7a-4b1d-9e38-569fe9c8b29e/full/!200,200/0/default.jpg",https://api.nga.gov/iiif/65f8a676-7e7a-4b1d-9e38-569fe9c8b29e,Margaret Stuyvesant Rutherfurd White (Mrs. Henry White),John Singer Sargent,"Sargent, John Singer",1883,1883.0,1883.0,1876 to 1900,oil on canvas,Painting,,painting,2014.136.68,16869,26461,,"Sargent, John Singer",American,American,1856.0,1925.0,Impressionist,portrait,/kaggle/working/nga_images/166470.jpg
166501,45bad99c-e7c3-49bc-be81-dc1baccaef48,"https://api.nga.gov/iiif/45bad99c-e7c3-49bc-be81-dc1baccaef48/full/!200,200/0/default.jpg",https://api.nga.gov/iiif/45bad99c-e7c3-49bc-be81-dc1baccaef48,A Light on the Sea,Winslow Homer,"Homer, Winslow",1897,1897.0,1897.0,1876 to 1900,oil on canvas,Painting,,painting,2014.79.48,22922,13329,,"Homer, Winslow",American,American,1836.0,1910.0,Realist,figure,/kaggle/working/nga_images/166501.jpg
168755,e572617f-07c6-415f-8e2d-17ef6f21fb23,"https://api.nga.gov/iiif/e572617f-07c6-415f-8e2d-17ef6f21fb23/full/!200,200/0/default.jpg",https://api.nga.gov/iiif/e572617f-07c6-415f-8e2d-17ef6f21fb23,Young Woman in Kimono,Alfred H. Maurer,"Maurer, Alfred H.",c. 1901,1901.0,1901.0,1901 to 1925,oil on canvas,Painting,,painting,2014.136.70,12840,13374,,"Maurer, Alfred H.",American,American,1868.0,1932.0,Realist,figure,/kaggle/working/nga_images/168755.jpg
168756,6d5e3a01-e10d-4817-aae3-c1071d51e0cc,"https://api.nga.gov/iiif/6d5e3a01-e10d-4817-aae3-c1071d51e0cc/full/!200,200/0/default.jpg",https://api.nga.gov/iiif/6d5e3a01-e10d-4817-aae3-c1071d51e0cc,A Chief of Abyssinia,Henri Regnault,"Regnault, Henri",c. 1870,1870.0,1870.0,1851 to 1875,oil on canvas,Painting,,painting,2014.136.74,8679,11434,,"Regnault, Henri",French,French,1843.0,1871.0,Romantic,figure,/kaggle/working/nga_images/168756.jpg
168845,af9c0d2b-39d7-4da8-980d-9dde91d374dd,"https://api.nga.gov/iiif/af9c0d2b-39d7-4da8-980d-9dde91d374dd/full/!200,200/0/default.jpg",https://api.nga.gov/iiif/af9c0d2b-39d7-4da8-980d-9dde91d374dd,The Repose,Jean-Baptiste-Camille Corot,"Corot, Jean-Baptiste-Camille","1860, reworked c. 1865/1870",1860.0,1870.0,1851 to 1875,oil on canvas,Painting,,painting,2014.79.709,19893,11334,,"Corot, Jean-Baptiste-Camille",French,French,1796.0,1875.0,Romantic,figure,/kaggle/working/nga_images/168845.jpg
176396,2fa332fd-b739-4390-977b-9d3d4ab1e8a0,"https://api.nga.gov/iiif/2fa332fd-b739-4390-977b-9d3d4ab1e8a0/full/!200,200/0/default.jpg",https://api.nga.gov/iiif/2fa332fd-b739-4390-977b-9d3d4ab1e8a0,Thomas Corcoran,Charles Peale Polk,"Polk, Charles Peale",c. 1802/1810,1802.0,1810.0,1801 to 1825,oil on canvas,Painting,,painting,2014.136.65,11814,16154,,"Polk, Charles Peale",American,American,1767.0,1822.0,Realist,portrait,/kaggle/working/nga_images/176396.jpg
176558,0796fdf1-92f3-49b1-97ac-a431410f8276,"https://api.nga.gov/iiif/0796fdf1-92f3-49b1-97ac-a431410f8276/full/!200,200/0/default.jpg",https://api.nga.gov/iiif/0796fdf1-92f3-49b1-97ac-a431410f8276,Self-Portrait,Abbott Handerson Thayer,"Thayer, Abbott Handerson",1919,1919.0,1919.0,1901 to 1925,oil on wood,Painting,,painting,2014.136.14,19323,17860,,"Thayer, Abbott Handerson",American,American,1849.0,1921.0,,portrait,/kaggle/working/nga_images/176558.jpg
176888,f8932bcc-9ced-432b-9f01-6cf68acba256,"https://api.nga.gov/iiif/f8932bcc-9ced-432b-9f01-6cf68acba256/full/!200,200/0/default.jpg",https://api.nga.gov/iiif/f8932bcc-9ced-432b-9f01-6cf68acba256,Portrait of a Gentleman,Ammi Phillips,"Phillips, Ammi",1812/1819,1812.0,1819.0,1801 to 1825,oil on canvas,Painting,,painting,2014.136.124,24911,30157,,"Phillips, Ammi",American,American,1788.0,1865.0,Naive,figure,/kaggle/working/nga_images/176888.jpg
177131,3676623a-96ad-4365-810e-d14bcb6fd698,"https://api.nga.gov/iiif/3676623a-96ad-4365-810e-d14bcb6fd698/full/!200,200/0/default.jpg",https://api.nga.gov/iiif/3676623a-96ad-4365-810e-d14bcb6fd698,Simon Pease,Robert Feke,"Feke, Robert",c. 1749,1749.0,1749.0,1726 to 1750,oil on canvas,Painting,,painting,2014.136.96,18477,23198,,"Feke, Robert",American,American,1707.0,1751.0,,portrait,/kaggle/working/nga_images/177131.jpg
178016,4e379aca-8da8-4abb-bfa7-47cb9e57c8e9,"https://api.nga.gov/iiif/4e379aca-8da8-4abb-bfa7-47cb9e57c8e9/full/!200,200/0/default.jpg",https://api.nga.gov/iiif/4e379aca-8da8-4abb-bfa7-47cb9e57c8e9,Martin Luther,Attributed to Frederick Kemmelmeyer,"Kemmelmeyer, Frederick, Attributed to",c. 1800,1800.0,1800.0,1776 to 1800,oil on canvas,Painting,,painting,2014.136.142,18382,22308,,"Kemmelmeyer, Frederick",American,American,1736.0,1848.0,Naive,portrait,/kaggle/working/nga_images/178016.jpg
177795,223524b5-ba54-4b89-8bed-3940e68a4f91,"https://api.nga.gov/iiif/223524b5-ba54-4b89-8bed-3940e68a4f91/full/!200,200/0/default.jpg",https://api.nga.gov/iiif/223524b5-ba54-4b89-8bed-3940e68a4f91,Man with a Sheet of Music,Rembrandt van Rijn,Rembrandt van Rijn,1633,1633.0,1633.0,1601 to 1650,oil on panel,Painting,,painting,2014.136.41,20721,28290,,Rembrandt van Rijn,Dutch,Dutch,1606.0,1669.0,Baroque,figure,/kaggle/working/nga_images/177795.jpg
177906,4f4323d7-dddf-4ef5-a7ad-3928da4fed13,"https://api.nga.gov/iiif/4f4323d7-dddf-4ef5-a7ad-3928da4fed13/full/!200,200/0/default.jpg",https://api.nga.gov/iiif/4f4323d7-dddf-4ef5-a7ad-3928da4fed13,"""Who Is Sylvia? What Is She, That All the Swains Commend Her?""",Edwin Austin Abbey,"Abbey, Edwin Austin",1896-1899; reworked 1900,1896.0,1900.0,1876 to 1900,oil on canvas,Painting,,painting,2014.136.19,17460,17449,,"Abbey, Edwin Austin",American,American,1852.0,1911.0,,figure,/kaggle/working/nga_images/177906.jpg
178096,5857d287-f5ca-4f5e-a396-4fd97b818af7,"https://api.nga.gov/iiif/5857d287-f5ca-4f5e-a396-4fd97b818af7/full/!200,200/0/default.jpg",https://api.nga.gov/iiif/5857d287-f5ca-4f5e-a396-4fd97b818af7,The Pets,Eastman Johnson,"Johnson, Eastman",1856,1856.0,1856.0,1851 to 1875,oil on academy board  transferred to hardboard,Painting,,painting,2014.136.110,15757,13455,,"Johnson, Eastman",American,American,1824.0,1906.0,,animal,/kaggle/working/nga_images/178096.jpg
178111,2ec2f54a-f548-41c7-bb37-2c496fcbd9e6,"https://api.nga.gov/iiif/2ec2f54a-f548-41c7-bb37-2c496fcbd9e6/full/!200,200/0/default.jpg",https://api.nga.gov/iiif/2ec2f54a-f548-41c7-bb37-2c496fcbd9e6,Hannah Lemmon Corcoran (Mrs. Thomas Corcoran),Charles Peale Polk,"Polk, Charles Peale",c. 1802/1810,1802.0,1810.0,1801 to 1825,oil on canvas,Painting,,painting,2014.136.66,11605,16007,,"Polk, Charles Peale",American,American,1767.0,1822.0,Realist,portrait,/kaggle/working/nga_images/178111.jpg
178986,763fd612-2259-4341-a879-94bc103aa8b9,"https://api.nga.gov/iiif/763fd612-2259-4341-a879-94bc103aa8b9/full/!200,200/0/default.jpg",https://api.nga.gov/iiif/763fd612-2259-4341-a879-94bc103aa8b9,Maria van Suchtelen,Gerard ter Borch the Younger,"Borch the Younger, Gerard ter",c. 1666,1666.0,1666.0,1651 to 1700,oil on canvas,Painting,,painting,2014.136.47,13489,17011,,"Borch the Younger, Gerard ter",Dutch,Dutch,1617.0,1681.0,Baroque,portrait,/kaggle/working/nga_images/178986.jpg
195135,2309019b-4fb0-4f88-be87-a6ff291f700b,"https://api.nga.gov/iiif/2309019b-4fb0-4f88-be87-a6ff291f700b/full/!200,200/0/default.jpg",https://api.nga.gov/iiif/2309019b-4fb0-4f88-be87-a6ff291f700b,The Duke of Devonshire and Lady Louisa Egerton,Sir Edwin Landseer,"Landseer, Edwin, Sir",c. 1853,1853.0,1853.0,1851 to 1875,oil on canvas,Painting,,painting,2014.136.58,35256,27223,,"Landseer, Edwin, Sir",British,British,1802.0,1873.0,,portrait,/kaggle/working/nga_images/195135.jpg
195149,a47a41a0-7e45-489b-be0c-1050170cd125,"https://api.nga.gov/iiif/a47a41a0-7e45-489b-be0c-1050170cd125/full/!200,200/0/default.jpg",https://api.nga.gov/iiif/a47a41a0-7e45-489b-be0c-1050170cd125,Standing Woman,Jean-Jacques Henner,"Henner, Jean-Jacques",c. 1903,1903.0,1903.0,1901 to 1925,oil on canvas,Painting,,painting,2015.19.63,12146,22777,,"Henner, Jean-Jacques",French,French,1829.0,1905.0,Impressionist,figure,/kaggle/working/nga_images/195149.jpg
195591,0396382c-dd71-4597-b8bf-2399c432c471,"https://api.nga.gov/iiif/0396382c-dd71-4597-b8bf-2399c432c471/full/!200,200/0/default.jpg",https://api.nga.gov/iiif/0396382c-dd71-4597-b8bf-2399c432c471,Annetta Coke,Sir Joshua Reynolds,"Reynolds, Joshua, Sir",1758,1758.0,1758.0,1751 to 1775,oil on canvas,Painting,,painting,2015.19.45,26007,31363,,"Reynolds, Joshua, Sir",British,British,1723.0,1792.0,,portrait,/kaggle/working/nga_images/195591.jpg
195615,c682d2ee-1837-4e88-b5b2-99d2d7b75b40,"https://api.nga.gov/iiif/c682d2ee-1837-4e88-b5b2-99d2d7b75b40/full/!200,200/0/default.jpg",https://api.nga.gov/iiif/c682d2ee-1837-4e88-b5b2-99d2d7b75b40,Gerhard van Suchtelen,Gerard ter Borch the Younger,"Borch the Younger, Gerard ter",c. 1666,1666.0,1666.0,1651 to 1700,oil on canvas,Painting,,painting,2014.136.48,13395,16917,,"Borch the Younger, Gerard ter",Dutch,Dutch,1617.0,1681.0,Baroque,portrait,/kaggle/working/nga_images/195615.jpg
195628,9e7df3d2-956c-4c4c-a53c-b2199244518a,"https://api.nga.gov/iiif/9e7df3d2-956c-4c4c-a53c-b2199244518a/full/!200,200/0/default.jpg",https://api.nga.gov/iiif/9e7df3d2-956c-4c4c-a53c-b2199244518a,Harriet Hubbard Ayer,Eastman Johnson,"Johnson, Eastman",1881,1881.0,1881.0,1876 to 1900,oil on canvas,Painting,,painting,2014.136.91,18873,35998,,"Johnson, Eastman",American,American,1824.0,1906.0,Realist,portrait,/kaggle/working/nga_images/195628.jpg
195701,9d534dc5-0af6-4ecb-a162-45b857cc3eae,"https://api.nga.gov/iiif/9d534dc5-0af6-4ecb-a162-45b857cc3eae/full/!200,200/0/default.jpg",https://api.nga.gov/iiif/9d534dc5-0af6-4ecb-a162-45b857cc3eae,Elizabeth Stevens Carle,Joseph Wright,"Wright, Joseph",c. 1783/1784,1783.0,1784.0,1776 to 1800,oil on canvas,Painting,,painting,2015.19.74,12690,15334,,"Wright, Joseph",American,American,1756.0,1793.0,Realist,portrait,/kaggle/working/nga_images/195701.jpg
195774,bf93a29d-ec49-444d-8dae-a22fa8653936,"https://api.nga.gov/iiif/bf93a29d-ec49-444d-8dae-a22fa8653936/full/!200,200/0/default.jpg",https://api.nga.gov/iiif/bf93a29d-ec49-444d-8dae-a22fa8653936,View of the Delaware near Philadelphia,Thomas Birch,"Birch, Thomas",1831,1831.0,1831.0,1826 to 1850,oil on canvas,Painting,,painting,2015.19.80,28150,18710,,"Birch, Thomas",American,American,1779.0,1859.0,,landscape,/kaggle/working/nga_images/195774.jpg
195829,be827f4d-defa-4ebd-8fda-c73f4b4b0a15,"https://api.nga.gov/iiif/be827f4d-defa-4ebd-8fda-c73f4b4b0a15/full/!200,200/0/default.jpg",https://api.nga.gov/iiif/be827f4d-defa-4ebd-8fda-c73f4b4b0a15,Indian Girl in White Blanket,Robert Henri,"Henri, Robert",1917,1917.0,1917.0,1901 to 1925,oil on canvas,Painting,,painting,2014.136.17,13103,16230,,"Henri, Robert",American,American,1865.0,1929.0,Realist,figure,/kaggle/working/nga_images/195829.jpg
204092,8ffb9df7-30e0-4c2e-af87-cc43c63242e6,"https://api.nga.gov/iiif/8ffb9df7-30e0-4c2e-af87-cc43c63242e6/full/!200,200/0/default.jpg",https://api.nga.gov/iiif/8ffb9df7-30e0-4c2e-af87-cc43c63242e6,Portrait of an Old Woman,Maarten de Vos,"Vos, Maarten de",1569,1569.0,1569.0,1551 to 1600,oil on panel,Painting,,painting,2015.156.1,9581,11664,,"Vos, Maarten de",Netherlandish,Netherlandish,1532.0,1603.0,Baroque,figure,/kaggle/working/nga_images/204092.jpg
205977,199583e2-2fe5-428b-a44b-0ef2bfe459e6,"https://api.nga.gov/iiif/199583e2-2fe5-428b-a44b-0ef2bfe459e6/full/!200,200/0/default.jpg",https://api.nga.gov/iiif/199583e2-2fe5-428b-a44b-0ef2bfe459e6,Trompe l'Oeil of an Etching by Ferdinand Bol,Dutch or Flemish 17th Century,Dutch or Flemish 17th Century,c. 1675,1675.0,1675.0,1651 to 1700,oil on panel,Painting,,painting,2016.3.1,6615,7896,,Dutch 17th Century,Dutch,Dutch,1600.0,1699.0,Baroque,still,/kaggle/working/nga_images/205977.jpg
213413,1050c145-2892-4679-be3f-43be5553a005,"https://api.nga.gov/iiif/1050c145-2892-4679-be3f-43be5553a005/full/!200,200/0/default.jpg",https://api.nga.gov/iiif/1050c145-2892-4679-be3f-43be5553a005,Henry White,Léon Bonnat,"Bonnat, Léon",1882,1882.0,1882.0,1876 to 1900,oil on canvas,Painting,,painting,2018.111.1,17949,22993,,"Bonnat, Léon",French,French,1833.0,1922.0,,portrait,/kaggle/working/nga_images/213413.jpg
217102,27f9e698-03e7-4502-87dc-dfe5f3cf7619,"https://api.nga.gov/iiif/27f9e698-03e7-4502-87dc-dfe5f3cf7619/full/!200,200/0/default.jpg",https://api.nga.gov/iiif/27f9e698-03e7-4502-87dc-dfe5f3cf7619,Still Life with Flowers Surrounded by Insects and a Snail,Clara Peeters,"Peeters, Clara",c. 1610,1610.0,1610.0,1601 to 1650,oil on copper,Painting,,painting,2018.144.1,7252,8845,,"Peeters, Clara",Flemish,Flemish,1594.0,1640.0,Baroque,still,/kaggle/working/nga_images/217102.jpg
219334,f91fb4d3-6438-4919-a8e9-2dea0dfb6b30,"https://api.nga.gov/iiif/f91fb4d3-6438-4919-a8e9-2dea0dfb6b30/full/!200,200/0/default.jpg",https://api.nga.gov/iiif/f91fb4d3-6438-4919-a8e9-2dea0dfb6b30,"Woman of the ""Orient""",Henri Lehmann,"Lehmann, Henri",1837,1837.0,1837.0,1826 to 1850,oil on canvas,Painting,,painting,2019.15.1,18495,22962,,"Lehmann, Henri",French,French,1814.0,1882.0,,figure,/kaggle/working/nga_images/219334.jpg
219555,8319cbb0-0cb2-4a26-9943-2baaf62c481b,"https://api.nga.gov/iiif/8319cbb0-0cb2-4a26-9943-2baaf62c481b/full/!200,200/0/default.jpg",https://api.nga.gov/iiif/8319cbb0-0cb2-4a26-9943-2baaf62c481b,Denise Maréchal,Théo van Rysselberghe,"Rysselberghe, Théo van",c. 1894,1894.0,1894.0,1876 to 1900,oil on wood,Painting,,painting,2019.118.1,13874,18857,,"Rysselberghe, Théo van",Belgian,Belgian,1862.0,1926.0,,portrait,/kaggle/working/nga_images/219555.jpg
60,b705a403-3496-42e8-abf5-a37e34c32198,"https://api.nga.gov/iiif/b705a403-3496-42e8-abf5-a37e34c32198/full/!200,200/0/default.jpg",https://api.nga.gov/iiif/b705a403-3496-42e8-abf5-a37e34c32198,Girl with the Red Hat,Johannes Vermeer,"Vermeer, Johannes",c. 1669,1664.0,1674.0,1651 to 1700,oil on panel,Painting,,painting,1937.1.53,12070,15257,,"Vermeer, Johannes",Dutch,Dutch,1632.0,1675.0,Baroque,genre,/kaggle/working/nga_images/60.jpg
51,513e34ae-b923-4aed-a85d-453d1a3b4fa3,"https://api.nga.gov/iiif/513e34ae-b923-4aed-a85d-453d1a3b4fa3/full/!200,200/0/default.jpg",https://api.nga.gov/iiif/513e34ae-b923-4aed-a85d-453d1a3b4fa3,Portrait of a Lady,Rogier van der Weyden,"Weyden, Rogier van der",c. 1460,1460.0,1460.0,1401 to 1500,oil on panel,Painting,,painting,1937.1.44,4217,5770,,"Weyden, Rogier van der",Netherlandish,Netherlandish,1399.0,1464.0,Renaissance,portrait,/kaggle/working/nga_images/51.jpg
1152,94c41c4c-519c-4fba-bdcc-0f712376ceff,"https://api.nga.gov/iiif/94c41c4c-519c-4fba-bdcc-0f712376ceff/full/!200,200/0/default.jpg",https://api.nga.gov/iiif/94c41c4c-519c-4fba-bdcc-0f712376ceff,Lady and Gentleman on Horseback,Aelbert Cuyp,"Cuyp, Aelbert","c. 1655, reworked 1660/1665",1655.0,1665.0,1651 to 1700,oil on canvas,Painting,,painting,1942.9.15,13833,9809,,"Cuyp, Aelbert",Dutch,Dutch,1620.0,1691.0,Baroque,portrait,/kaggle/working/nga_images/1152.jpg
52180,3877ee5f-430c-4e5d-a270-0782e17e1314,"https://api.nga.gov/iiif/3877ee5f-430c-4e5d-a270-0782e17e1314/full/!200,200/0/default.jpg",https://api.nga.gov/iiif/3877ee5f-430c-4e5d-a270-0782e17e1314,A King Charles Spaniel,Edouard Manet,"Manet, Edouard",c. 1866,1866.0,1866.0,1851 to 1875,oil on linen,Painting,,painting,1970.17.36,4353,5296,,"Manet, Edouard",French,French,1832.0,1883.0,Impressionist,animal,/kaggle/working/nga_images/52180.jpg
97663,75e739ab-7a88-4d53-89bd-e95949dea2d8,"https://api.nga.gov/iiif/75e739ab-7a88-4d53-89bd-e95949dea2d8/full/!200,200/0/default.jpg",https://api.nga.gov/iiif/75e739ab-7a88-4d53-89bd-e95949dea2d8,Young Girl at a Window,Mary Cassatt,"Cassatt, Mary",c. 1883-1884,1883.0,1884.0,1876 to 1900,oil on canvas,Painting,,painting,2014.79.9,19893,30782,,"Cassatt, Mary",American,American,1844.0,1926.0,Impressionist,figure,
131947,f2fc7310-79cc-4ece-98f5-051349034b9e,"https://api.nga.gov/iiif/f2fc7310-79cc-4ece-98f5-051349034b9e/full/!200,200/0/default.jpg",https://api.nga.gov/iiif/f2fc7310-79cc-4ece-98f5-051349034b9e,Woman Weaving a Crown of Flowers,Godefridus Schalcken,"Schalcken, Godefridus",c. 1675/1680,1675.0,1680.0,1651 to 1700,oil on panel,Painting,,painting,2005.26.1,3274,4294,,"Schalcken, Godefridus",Dutch,Dutch,1643.0,1706.0,Baroque,genre,/kaggle/working/nga_images/131947.jpg
